# id	group	module	version	filename	sha256	authoritative-source	rationale	owner	review-date	review-trigger
# Exact temporary checksum exceptions for artifacts whose publisher key could not be retrieved during the reviewed bootstrap.
EX-001	ch.qos.logback	logback-classic	1.5.34	logback-classic-1.5.34.jar	b65e05076a5c1aadb659b4fe4bc5fee31cb26cd70390292eb03e4a7a24cff10f	https://repo1.maven.org/maven2/ch/qos/logback/logback-classic/1.5.34/logback-classic-1.5.34.jar	Publisher key unavailable during reviewed bootstrap; exact SHA-256 is required pending key recovery.	Green Harbor Labs maintainer	2026-09-22	Dependency, key, checksum, or source change
EX-002	ch.qos.logback	logback-classic	1.5.34	logback-classic-1.5.34.pom	66303dea733ea9f2e70d1b7687f36f954ac03bac6ee047396f760fa4e059f611	https://repo1.maven.org/maven2/ch/qos/logback/logback-classic/1.5.34/logback-classic-1.5.34.pom	Publisher key unavailable during reviewed bootstrap; exact SHA-256 is required pending key recovery.	Green Harbor Labs maintainer	2026-09-22	Dependency, key, checksum, or source change
EX-003	ch.qos.logback	logback-core	1.5.34	logback-core-1.5.34.jar	42eda264c0c650c2bec59e66151a88b708a8663dc1b49d788202d53e78b8caae	https://repo1.maven.org/maven2/ch/qos/logback/logback-core/1.5.34/logback-core-1.5.34.jar	Publisher key unavailable during reviewed bootstrap; exact SHA-256 is required pending key recovery.	Green Harbor Labs maintainer	2026-09-22	Dependency, key, checksum, or source change
EX-004	ch.qos.logback	logback-core	1.5.34	logback-core-1.5.34.pom	5230a2f36dcfe19d310351c7c372edf57cdfde78527fa39ac45f6e7aa8602f95	https://repo1.maven.org/maven2/ch/qos/logback/logback-core/1.5.34/logback-core-1.5.34.pom	Publisher key unavailable during reviewed bootstrap; exact SHA-256 is required pending key recovery.	Green Harbor Labs maintainer	2026-09-22	Dependency, key, checksum, or source change
EX-005	ch.qos.logback	logback-parent	1.5.34	logback-parent-1.5.34.pom	db4effc33ccbc645873e47aa66a837be29c963ff7e6571728c73d72fbcc3def7	https://repo1.maven.org/maven2/ch/qos/logback/logback-parent/1.5.34/logback-parent-1.5.34.pom	Publisher key unavailable during reviewed bootstrap; exact SHA-256 is required pending key recovery.	Green Harbor Labs maintainer	2026-09-22	Dependency, key, checksum, or source change
EX-006	com.autonomousapps	antlr	4.13.2.0	antlr-4.13.2.0.jar	348924b116b7b251113af50c1bf1b57c0df7c89b8f56406c1ff1be2d5b469fbd	https://repo1.maven.org/maven2/com/autonomousapps/antlr/4.13.2.0/antlr-4.13.2.0.jar	Publisher key unavailable during reviewed bootstrap; exact SHA-256 is required pending key recovery.	Green Harbor Labs maintainer	2026-09-22	Dependency, key, checksum, or source change
EX-007	com.autonomousapps	antlr	4.13.2.0	antlr-4.13.2.0.module	1dff0df1e2670f80073dfb9edb0aa64f7800a57934bf41ae637757fd48393e3e	https://repo1.maven.org/maven2/com/autonomousapps/antlr/4.13.2.0/antlr-4.13.2.0.module	Publisher key unavailable during reviewed bootstrap; exact SHA-256 is required pending key recovery.	Green Harbor Labs maintainer	2026-09-22	Dependency, key, checksum, or source change
EX-008	com.autonomousapps	asm-relocated	9.9.0	asm-relocated-9.9.0.jar	28366e20e975e695723e83e4407b3143ff04e37580dd04854c0d1963d361964a	https://repo1.maven.org/maven2/com/autonomousapps/asm-relocated/9.9.0/asm-relocated-9.9.0.jar	Publisher key unavailable during reviewed bootstrap; exact SHA-256 is required pending key recovery.	Green Harbor Labs maintainer	2026-09-22	Dependency, key, checksum, or source change
EX-009	com.autonomousapps	asm-relocated	9.9.0	asm-relocated-9.9.0.module	e3d63718164fef97b872b3fde14bd609e745e67377091239076743ef55268a7a	https://repo1.maven.org/maven2/com/autonomousapps/asm-relocated/9.9.0/asm-relocated-9.9.0.module	Publisher key unavailable during reviewed bootstrap; exact SHA-256 is required pending key recovery.	Green Harbor Labs maintainer	2026-09-22	Dependency, key, checksum, or source change
EX-010	com.autonomousapps	dependency-analysis-gradle-plugin	3.6.1	dependency-analysis-gradle-plugin-3.6.1.jar	315c797efe5b922c78eb1a0f2003ed160dc18dd5091acacfbfcc6721979e21cb	https://repo1.maven.org/maven2/com/autonomousapps/dependency-analysis-gradle-plugin/3.6.1/dependency-analysis-gradle-plugin-3.6.1.jar	Publisher key unavailable during reviewed bootstrap; exact SHA-256 is required pending key recovery.	Green Harbor Labs maintainer	2026-09-22	Dependency, key, checksum, or source change
EX-011	com.autonomousapps	dependency-analysis-gradle-plugin	3.6.1	dependency-analysis-gradle-plugin-3.6.1.module	43d16abdc3b5dbfaa5e197464326ff0bd93708659b34e57139a16a1485d40631	https://repo1.maven.org/maven2/com/autonomousapps/dependency-analysis-gradle-plugin/3.6.1/dependency-analysis-gradle-plugin-3.6.1.module	Publisher key unavailable during reviewed bootstrap; exact SHA-256 is required pending key recovery.	Green Harbor Labs maintainer	2026-09-22	Dependency, key, checksum, or source change
EX-012	com.autonomousapps	graph-support	0.9.0	graph-support-0.9.0.jar	d5e73d6b30bfe804f78351563aeb2044504f1984defb494013a77c91bc469300	https://repo1.maven.org/maven2/com/autonomousapps/graph-support/0.9.0/graph-support-0.9.0.jar	Publisher key unavailable during reviewed bootstrap; exact SHA-256 is required pending key recovery.	Green Harbor Labs maintainer	2026-09-22	Dependency, key, checksum, or source change
EX-013	com.autonomousapps	graph-support	0.9.0	graph-support-0.9.0.module	ad733f6d7e520f70b00d889c1f4affa3d82449acb362caee5f875e500f2b29fe	https://repo1.maven.org/maven2/com/autonomousapps/graph-support/0.9.0/graph-support-0.9.0.module	Publisher key unavailable during reviewed bootstrap; exact SHA-256 is required pending key recovery.	Green Harbor Labs maintainer	2026-09-22	Dependency, key, checksum, or source change
EX-014	com.autonomousapps	kotlin-editor-relocated	0.20.0	kotlin-editor-relocated-0.20.0.jar	c8815e24be43ceabef249cec450d651bccaba5845c90251188aa2ce8532c6739	https://repo1.maven.org/maven2/com/autonomousapps/kotlin-editor-relocated/0.20.0/kotlin-editor-relocated-0.20.0.jar	Publisher key unavailable during reviewed bootstrap; exact SHA-256 is required pending key recovery.	Green Harbor Labs maintainer	2026-09-22	Dependency, key, checksum, or source change
EX-015	com.autonomousapps	kotlin-editor-relocated	0.20.0	kotlin-editor-relocated-0.20.0.module	e1c019cf4434c0e8a3aa7e9102505191144b074e3b00dc762b322c2b9e6594ab	https://repo1.maven.org/maven2/com/autonomousapps/kotlin-editor-relocated/0.20.0/kotlin-editor-relocated-0.20.0.module	Publisher key unavailable during reviewed bootstrap; exact SHA-256 is required pending key recovery.	Green Harbor Labs maintainer	2026-09-22	Dependency, key, checksum, or source change
EX-016	com.autonomousapps	variant-artifacts	0.3.3	variant-artifacts-0.3.3.jar	23595d3adb4ad08bd9ed0fd8cee4a81ec8159638c3dae9288171789833929593	https://repo1.maven.org/maven2/com/autonomousapps/variant-artifacts/0.3.3/variant-artifacts-0.3.3.jar	Publisher key unavailable during reviewed bootstrap; exact SHA-256 is required pending key recovery.	Green Harbor Labs maintainer	2026-09-22	Dependency, key, checksum, or source change
EX-017	com.autonomousapps	variant-artifacts	0.3.3	variant-artifacts-0.3.3.module	d68fdf0237dbca91af57361808978c4b851aaa43e22ef7515bfbf49c54bcb59a	https://repo1.maven.org/maven2/com/autonomousapps/variant-artifacts/0.3.3/variant-artifacts-0.3.3.module	Publisher key unavailable during reviewed bootstrap; exact SHA-256 is required pending key recovery.	Green Harbor Labs maintainer	2026-09-22	Dependency, key, checksum, or source change
EX-018	com.github.ben-manes.caffeine	caffeine	3.2.3	caffeine-3.2.3.jar	ca70c90a5d1ce1511880ce9c93d4ad22108f61111d3daf91eb52762b571bd179	https://repo1.maven.org/maven2/com/github/ben-manes/caffeine/caffeine/3.2.3/caffeine-3.2.3.jar	Publisher key unavailable during reviewed bootstrap; exact SHA-256 is required pending key recovery.	Green Harbor Labs maintainer	2026-09-22	Dependency, key, checksum, or source change
EX-019	com.github.ben-manes.caffeine	caffeine	3.2.3	caffeine-3.2.3.module	8d9a3b980e9bd70412ee339b2456313617b3b8ae2e8689f9b3cbf0640cd58f3c	https://repo1.maven.org/maven2/com/github/ben-manes/caffeine/caffeine/3.2.3/caffeine-3.2.3.module	Publisher key unavailable during reviewed bootstrap; exact SHA-256 is required pending key recovery.	Green Harbor Labs maintainer	2026-09-22	Dependency, key, checksum, or source change
EX-020	com.github.ben-manes.caffeine	caffeine	3.2.4	caffeine-3.2.4.module	b5f16a0f6f9000a46a62b18306bb38777bd1ecfc582c4c9ad05c928d451ba402	https://repo1.maven.org/maven2/com/github/ben-manes/caffeine/caffeine/3.2.4/caffeine-3.2.4.module	Publisher key unavailable during reviewed bootstrap; exact SHA-256 is required pending key recovery.	Green Harbor Labs maintainer	2026-09-22	Dependency, key, checksum, or source change
EX-021	com.github.ben-manes.caffeine	caffeine	3.2.4	caffeine-3.2.4.pom	624ec9fc538e1a618964dfa9f8cf9344435607c58e45a818378e7a643d4e09b3	https://repo1.maven.org/maven2/com/github/ben-manes/caffeine/caffeine/3.2.4/caffeine-3.2.4.pom	Publisher key unavailable during reviewed bootstrap; exact SHA-256 is required pending key recovery.	Green Harbor Labs maintainer	2026-09-22	Dependency, key, checksum, or source change
EX-022	com.github.package-url	packageurl-java	1.5.0	packageurl-java-1.5.0.jar	e45551727707acc0c56ac62d56964332ea0f138d6cc3656d988b9369150f5247	https://repo1.maven.org/maven2/com/github/package-url/packageurl-java/1.5.0/packageurl-java-1.5.0.jar	Publisher key unavailable during reviewed bootstrap; exact SHA-256 is required pending key recovery.	Green Harbor Labs maintainer	2026-09-22	Dependency, key, checksum, or source change
EX-023	com.github.package-url	packageurl-java	1.5.0	packageurl-java-1.5.0.pom	42fdf46c5355bcb9aa0b240d52ac9d89ee728f8cb1386e43127588af916b3e06	https://repo1.maven.org/maven2/com/github/package-url/packageurl-java/1.5.0/packageurl-java-1.5.0.pom	Publisher key unavailable during reviewed bootstrap; exact SHA-256 is required pending key recovery.	Green Harbor Labs maintainer	2026-09-22	Dependency, key, checksum, or source change
EX-024	com.google	google	5	google-5.pom	e09d345e73ca3fbca7f3e05f30deb74e9d39dd6b79a93fee8c511f23417b6828	https://repo1.maven.org/maven2/com/google/google/5/google-5.pom	Publisher key unavailable during reviewed bootstrap; exact SHA-256 is required pending key recovery.	Green Harbor Labs maintainer	2026-09-22	Dependency, key, checksum, or source change
EX-025	com.google.errorprone	error_prone_annotations	2.38.0	error_prone_annotations-2.38.0.jar	6661d5335090a5fc61dd869d2095bc6c1e2156e3aa47a6e4ababdf64c99a7889	https://repo1.maven.org/maven2/com/google/errorprone/error_prone_annotations/2.38.0/error_prone_annotations-2.38.0.jar	Publisher key unavailable during reviewed bootstrap; exact SHA-256 is required pending key recovery.	Green Harbor Labs maintainer	2026-09-22	Dependency, key, checksum, or source change
EX-026	com.google.errorprone	error_prone_annotations	2.38.0	error_prone_annotations-2.38.0.pom	3007bef8aff3ae8ea12d81c3feacb4f15979b2cf5c3e38fc9189a98dea141167	https://repo1.maven.org/maven2/com/google/errorprone/error_prone_annotations/2.38.0/error_prone_annotations-2.38.0.pom	Publisher key unavailable during reviewed bootstrap; exact SHA-256 is required pending key recovery.	Green Harbor Labs maintainer	2026-09-22	Dependency, key, checksum, or source change
EX-027	com.google.errorprone	error_prone_annotations	2.41.0	error_prone_annotations-2.41.0.jar	a56e782b5b50811ac204073a355a21d915a2107fce13ec711331ad036f660fcc	https://repo1.maven.org/maven2/com/google/errorprone/error_prone_annotations/2.41.0/error_prone_annotations-2.41.0.jar	Publisher key unavailable during reviewed bootstrap; exact SHA-256 is required pending key recovery.	Green Harbor Labs maintainer	2026-09-22	Dependency, key, checksum, or source change
EX-028	com.google.errorprone	error_prone_annotations	2.41.0	error_prone_annotations-2.41.0.pom	a151df1e2e0b48618d8b06a180748a29b3abb39b1b2396f6a1c879a727488c6e	https://repo1.maven.org/maven2/com/google/errorprone/error_prone_annotations/2.41.0/error_prone_annotations-2.41.0.pom	Publisher key unavailable during reviewed bootstrap; exact SHA-256 is required pending key recovery.	Green Harbor Labs maintainer	2026-09-22	Dependency, key, checksum, or source change
EX-029	com.google.errorprone	error_prone_annotations	2.43.0	error_prone_annotations-2.43.0.jar	48272e75c16e1f7bdc7bd19529ccacd5ee170404701d7f5a23441bb5847957f5	https://repo1.maven.org/maven2/com/google/errorprone/error_prone_annotations/2.43.0/error_prone_annotations-2.43.0.jar	Publisher key unavailable during reviewed bootstrap; exact SHA-256 is required pending key recovery.	Green Harbor Labs maintainer	2026-09-22	Dependency, key, checksum, or source change
EX-030	com.google.errorprone	error_prone_annotations	2.43.0	error_prone_annotations-2.43.0.pom	4f6b8889afa8debdbe1e3fe2a5f8e66e2216ca0b563f26b4e54138730eecdc80	https://repo1.maven.org/maven2/com/google/errorprone/error_prone_annotations/2.43.0/error_prone_annotations-2.43.0.pom	Publisher key unavailable during reviewed bootstrap; exact SHA-256 is required pending key recovery.	Green Harbor Labs maintainer	2026-09-22	Dependency, key, checksum, or source change
EX-031	com.google.errorprone	error_prone_annotations	2.45.0	error_prone_annotations-2.45.0.jar	6ba61510e22944e8aec3fe970972d088d8da132a24f2bc817a43c7b70665cc2b	https://repo1.maven.org/maven2/com/google/errorprone/error_prone_annotations/2.45.0/error_prone_annotations-2.45.0.jar	Publisher key unavailable during reviewed bootstrap; exact SHA-256 is required pending key recovery.	Green Harbor Labs maintainer	2026-09-22	Dependency, key, checksum, or source change
EX-032	com.google.errorprone	error_prone_annotations	2.45.0	error_prone_annotations-2.45.0.pom	95be73f9a87876c95aef10dcc54938e1f1c45a2850c316c33fbdecd590f51280	https://repo1.maven.org/maven2/com/google/errorprone/error_prone_annotations/2.45.0/error_prone_annotations-2.45.0.pom	Publisher key unavailable during reviewed bootstrap; exact SHA-256 is required pending key recovery.	Green Harbor Labs maintainer	2026-09-22	Dependency, key, checksum, or source change
EX-033	com.google.errorprone	error_prone_annotations	2.47.0	error_prone_annotations-2.47.0.jar	5364bc6f22e72e98195e406a58d3ba1c09ffa11dea0729592cb870dc2de4056d	https://repo1.maven.org/maven2/com/google/errorprone/error_prone_annotations/2.47.0/error_prone_annotations-2.47.0.jar	Publisher key unavailable during reviewed bootstrap; exact SHA-256 is required pending key recovery.	Green Harbor Labs maintainer	2026-09-22	Dependency, key, checksum, or source change
EX-034	com.google.errorprone	error_prone_annotations	2.47.0	error_prone_annotations-2.47.0.pom	d80c889a4a6f711f6945fbee79e05ec247b178a567e9d5abf58eb26ebf0a0752	https://repo1.maven.org/maven2/com/google/errorprone/error_prone_annotations/2.47.0/error_prone_annotations-2.47.0.pom	Publisher key unavailable during reviewed bootstrap; exact SHA-256 is required pending key recovery.	Green Harbor Labs maintainer	2026-09-22	Dependency, key, checksum, or source change
EX-035	com.google.errorprone	error_prone_annotations	2.49.0	error_prone_annotations-2.49.0.pom	601d673cb736ccadecc8acca5d47d88d31d8e8775be45ae6bedcd8b2359c9cc5	https://repo1.maven.org/maven2/com/google/errorprone/error_prone_annotations/2.49.0/error_prone_annotations-2.49.0.pom	Publisher key unavailable during reviewed bootstrap; exact SHA-256 is required pending key recovery.	Green Harbor Labs maintainer	2026-09-22	Dependency, key, checksum, or source change
EX-036	com.google.errorprone	error_prone_parent	2.38.0	error_prone_parent-2.38.0.pom	e62458a6a3e63081bc7c57b3c0fac9f04f76ce32f606532db69fe2b3d47b934c	https://repo1.maven.org/maven2/com/google/errorprone/error_prone_parent/2.38.0/error_prone_parent-2.38.0.pom	Publisher key unavailable during reviewed bootstrap; exact SHA-256 is required pending key recovery.	Green Harbor Labs maintainer	2026-09-22	Dependency, key, checksum, or source change
EX-037	com.google.errorprone	error_prone_parent	2.41.0	error_prone_parent-2.41.0.pom	c538388d760a5c1c98dcf06f6ed3cfe5f11a651827db5cbd2ed8288c795cad42	https://repo1.maven.org/maven2/com/google/errorprone/error_prone_parent/2.41.0/error_prone_parent-2.41.0.pom	Publisher key unavailable during reviewed bootstrap; exact SHA-256 is required pending key recovery.	Green Harbor Labs maintainer	2026-09-22	Dependency, key, checksum, or source change
EX-038	com.google.errorprone	error_prone_parent	2.43.0	error_prone_parent-2.43.0.pom	bb92c4584d0211bd59beca4fb276170f5dc50fe346146e93578d2dab26033e10	https://repo1.maven.org/maven2/com/google/errorprone/error_prone_parent/2.43.0/error_prone_parent-2.43.0.pom	Publisher key unavailable during reviewed bootstrap; exact SHA-256 is required pending key recovery.	Green Harbor Labs maintainer	2026-09-22	Dependency, key, checksum, or source change
EX-039	com.google.errorprone	error_prone_parent	2.45.0	error_prone_parent-2.45.0.pom	ce008b959652d910ee54781cbc6c6c53c063d2aa083a30078f4a43fc97456668	https://repo1.maven.org/maven2/com/google/errorprone/error_prone_parent/2.45.0/error_prone_parent-2.45.0.pom	Publisher key unavailable during reviewed bootstrap; exact SHA-256 is required pending key recovery.	Green Harbor Labs maintainer	2026-09-22	Dependency, key, checksum, or source change
EX-040	com.google.errorprone	error_prone_parent	2.47.0	error_prone_parent-2.47.0.pom	2368a990c7a63095e1d0d44459d5a4092f0eb31f8562bd12cdf0e1c877b6a685	https://repo1.maven.org/maven2/com/google/errorprone/error_prone_parent/2.47.0/error_prone_parent-2.47.0.pom	Publisher key unavailable during reviewed bootstrap; exact SHA-256 is required pending key recovery.	Green Harbor Labs maintainer	2026-09-22	Dependency, key, checksum, or source change
EX-041	com.google.errorprone	error_prone_parent	2.49.0	error_prone_parent-2.49.0.pom	7313bdb222d17ff3cd02ada01c3f344e9a0d8ad121a93ae26964ed286279028d	https://repo1.maven.org/maven2/com/google/errorprone/error_prone_parent/2.49.0/error_prone_parent-2.49.0.pom	Publisher key unavailable during reviewed bootstrap; exact SHA-256 is required pending key recovery.	Green Harbor Labs maintainer	2026-09-22	Dependency, key, checksum, or source change
EX-042	com.google.inject	guice	5.1.0	guice-5.1.0-classes.jar	142ad4475e19524d2fe3ac995b3f7cbc962fc726f2edb9dbdccc61feab9b2bf9	https://repo1.maven.org/maven2/com/google/inject/guice/5.1.0/guice-5.1.0-classes.jar	Publisher key unavailable during reviewed bootstrap; exact SHA-256 is required pending key recovery.	Green Harbor Labs maintainer	2026-09-22	Dependency, key, checksum, or source change
EX-043	com.google.inject	guice	5.1.0	guice-5.1.0.pom	b3b8dc65213d623fb70ed7958dbdd616324256ba836a31652560c388999fd9cd	https://repo1.maven.org/maven2/com/google/inject/guice/5.1.0/guice-5.1.0.pom	Publisher key unavailable during reviewed bootstrap; exact SHA-256 is required pending key recovery.	Green Harbor Labs maintainer	2026-09-22	Dependency, key, checksum, or source change
EX-044	com.google.inject	guice-parent	5.1.0	guice-parent-5.1.0.pom	63d5c0c641797deba6c051c47d5f6923f3a103ef71e4ebc3a85d01c3e878596c	https://repo1.maven.org/maven2/com/google/inject/guice-parent/5.1.0/guice-parent-5.1.0.pom	Publisher key unavailable during reviewed bootstrap; exact SHA-256 is required pending key recovery.	Green Harbor Labs maintainer	2026-09-22	Dependency, key, checksum, or source change
EX-045	com.kichik.pecoff4j	pecoff4j	0.4.1	pecoff4j-0.4.1.jar	adc97f5795994581235582891f81de218239865dcd972d3b0c808e86b1f058c4	https://repo1.maven.org/maven2/com/kichik/pecoff4j/pecoff4j/0.4.1/pecoff4j-0.4.1.jar	Publisher key unavailable during reviewed bootstrap; exact SHA-256 is required pending key recovery.	Green Harbor Labs maintainer	2026-09-22	Dependency, key, checksum, or source change
EX-046	com.kichik.pecoff4j	pecoff4j	0.4.1	pecoff4j-0.4.1.pom	87e6f0a3f2621ee76b7c21953d88a545545b466af0929bd56e00a810b45c66cc	https://repo1.maven.org/maven2/com/kichik/pecoff4j/pecoff4j/0.4.1/pecoff4j-0.4.1.pom	Publisher key unavailable during reviewed bootstrap; exact SHA-256 is required pending key recovery.	Green Harbor Labs maintainer	2026-09-22	Dependency, key, checksum, or source change
EX-047	commons-io	commons-io	2.22.0	commons-io-2.22.0.jar	2b9a7b1f726fb86216dbd2c8321eabe0221dbd5b1be81c18e1cb53811b104758	https://repo1.maven.org/maven2/commons-io/commons-io/2.22.0/commons-io-2.22.0.jar	Publisher key unavailable during reviewed bootstrap; exact SHA-256 is required pending key recovery.	Green Harbor Labs maintainer	2026-09-22	Dependency, key, checksum, or source change
EX-048	commons-io	commons-io	2.22.0	commons-io-2.22.0.pom	6425cec0ea760035efa77277de85f89fa6dbed147ab3dd95b8d2cbc55340accf	https://repo1.maven.org/maven2/commons-io/commons-io/2.22.0/commons-io-2.22.0.pom	Publisher key unavailable during reviewed bootstrap; exact SHA-256 is required pending key recovery.	Green Harbor Labs maintainer	2026-09-22	Dependency, key, checksum, or source change
EX-049	commons-logging	commons-logging	1.3.6	commons-logging-1.3.6.jar	f8ead8943401081dea0aa824b5b1ba40a0e4ed297a572a0f02258150a0b62357	https://repo1.maven.org/maven2/commons-logging/commons-logging/1.3.6/commons-logging-1.3.6.jar	Publisher key unavailable during reviewed bootstrap; exact SHA-256 is required pending key recovery.	Green Harbor Labs maintainer	2026-09-22	Dependency, key, checksum, or source change
EX-050	commons-logging	commons-logging	1.3.6	commons-logging-1.3.6.pom	49fc185139bdd0c6c4adf440721e3279cb5342906bcd01a7a89399ceeaa78e85	https://repo1.maven.org/maven2/commons-logging/commons-logging/1.3.6/commons-logging-1.3.6.pom	Publisher key unavailable during reviewed bootstrap; exact SHA-256 is required pending key recovery.	Green Harbor Labs maintainer	2026-09-22	Dependency, key, checksum, or source change
EX-051	io.github.jeremylong	jcs3-slf4j	1.0.5	jcs3-slf4j-1.0.5.jar	5b2129a9115d17c9fb65b143f375ab0c15f850248fd5aa0f3307d2cc618df09b	https://repo1.maven.org/maven2/io/github/jeremylong/jcs3-slf4j/1.0.5/jcs3-slf4j-1.0.5.jar	Publisher key unavailable during reviewed bootstrap; exact SHA-256 is required pending key recovery.	Green Harbor Labs maintainer	2026-09-22	Dependency, key, checksum, or source change
EX-052	io.github.jeremylong	jcs3-slf4j	1.0.5	jcs3-slf4j-1.0.5.module	5c15b09d4344c64b9b1fe2f38d247467e4b775a5908a4c4af9f01f8fd7a14ecf	https://repo1.maven.org/maven2/io/github/jeremylong/jcs3-slf4j/1.0.5/jcs3-slf4j-1.0.5.module	Publisher key unavailable during reviewed bootstrap; exact SHA-256 is required pending key recovery.	Green Harbor Labs maintainer	2026-09-22	Dependency, key, checksum, or source change
EX-053	io.github.jeremylong	open-vulnerability-clients	9.0.6	open-vulnerability-clients-9.0.6.jar	34028f01a88cf7d032809c581e22bc005740391704b88f8147eeeb358fd75068	https://repo1.maven.org/maven2/io/github/jeremylong/open-vulnerability-clients/9.0.6/open-vulnerability-clients-9.0.6.jar	Publisher key unavailable during reviewed bootstrap; exact SHA-256 is required pending key recovery.	Green Harbor Labs maintainer	2026-09-22	Dependency, key, checksum, or source change
EX-054	io.github.jeremylong	open-vulnerability-clients	9.0.6	open-vulnerability-clients-9.0.6.module	94cbce9c4cf9bcb3698c97639da7530b3b392d70bc3e872a6dce8c60550456cf	https://repo1.maven.org/maven2/io/github/jeremylong/open-vulnerability-clients/9.0.6/open-vulnerability-clients-9.0.6.module	Publisher key unavailable during reviewed bootstrap; exact SHA-256 is required pending key recovery.	Green Harbor Labs maintainer	2026-09-22	Dependency, key, checksum, or source change
EX-055	io.micrometer	micrometer-bom	1.16.6	micrometer-bom-1.16.6.pom	6f72c5dc3128a08ce62776414ce7ce3c806af4d106de124f28f1b223becea7cb	https://repo1.maven.org/maven2/io/micrometer/micrometer-bom/1.16.6/micrometer-bom-1.16.6.pom	Publisher key unavailable during reviewed bootstrap; exact SHA-256 is required pending key recovery.	Green Harbor Labs maintainer	2026-09-22	Dependency, key, checksum, or source change
EX-056	io.micrometer	micrometer-commons	1.16.6	micrometer-commons-1.16.6.jar	45aff76226830db257f4bc39a5bcff83d633e572fee9dc4e45cfa12af9a0a49a	https://repo1.maven.org/maven2/io/micrometer/micrometer-commons/1.16.6/micrometer-commons-1.16.6.jar	Publisher key unavailable during reviewed bootstrap; exact SHA-256 is required pending key recovery.	Green Harbor Labs maintainer	2026-09-22	Dependency, key, checksum, or source change
EX-057	io.micrometer	micrometer-commons	1.16.6	micrometer-commons-1.16.6.pom	305e66eed0820af4824df27034ca67bc9bee9f5ff4262b470cc381b041b87832	https://repo1.maven.org/maven2/io/micrometer/micrometer-commons/1.16.6/micrometer-commons-1.16.6.pom	Publisher key unavailable during reviewed bootstrap; exact SHA-256 is required pending key recovery.	Green Harbor Labs maintainer	2026-09-22	Dependency, key, checksum, or source change
EX-058	io.micrometer	micrometer-core	1.16.6	micrometer-core-1.16.6.jar	1957ef2deaffbc1fb98cebfd0f5b3109ecf19c994d7e5378598c20747ba8d68b	https://repo1.maven.org/maven2/io/micrometer/micrometer-core/1.16.6/micrometer-core-1.16.6.jar	Publisher key unavailable during reviewed bootstrap; exact SHA-256 is required pending key recovery.	Green Harbor Labs maintainer	2026-09-22	Dependency, key, checksum, or source change
EX-059	io.micrometer	micrometer-core	1.16.6	micrometer-core-1.16.6.pom	0e7d99824bb4f2f980035c02351097256c012b2e536f01813858a2f07a57b1b9	https://repo1.maven.org/maven2/io/micrometer/micrometer-core/1.16.6/micrometer-core-1.16.6.pom	Publisher key unavailable during reviewed bootstrap; exact SHA-256 is required pending key recovery.	Green Harbor Labs maintainer	2026-09-22	Dependency, key, checksum, or source change
EX-060	io.micrometer	micrometer-jakarta9	1.16.6	micrometer-jakarta9-1.16.6.jar	987722add6461c5a4c796be11e7452e8813fba341f2cc067b1d283eef2bd4f40	https://repo1.maven.org/maven2/io/micrometer/micrometer-jakarta9/1.16.6/micrometer-jakarta9-1.16.6.jar	Publisher key unavailable during reviewed bootstrap; exact SHA-256 is required pending key recovery.	Green Harbor Labs maintainer	2026-09-22	Dependency, key, checksum, or source change
EX-061	io.micrometer	micrometer-jakarta9	1.16.6	micrometer-jakarta9-1.16.6.pom	a49c83bacf51fcc89d239f128f2fce1f81b0740b0ed2593f3e8e8757ca4beaba	https://repo1.maven.org/maven2/io/micrometer/micrometer-jakarta9/1.16.6/micrometer-jakarta9-1.16.6.pom	Publisher key unavailable during reviewed bootstrap; exact SHA-256 is required pending key recovery.	Green Harbor Labs maintainer	2026-09-22	Dependency, key, checksum, or source change
EX-062	io.micrometer	micrometer-observation	1.16.6	micrometer-observation-1.16.6.jar	4c0826d5e7c8522a8e111470b4e77f77b0a10f520eb5502ddd143fdbcedb2340	https://repo1.maven.org/maven2/io/micrometer/micrometer-observation/1.16.6/micrometer-observation-1.16.6.jar	Publisher key unavailable during reviewed bootstrap; exact SHA-256 is required pending key recovery.	Green Harbor Labs maintainer	2026-09-22	Dependency, key, checksum, or source change
EX-063	io.micrometer	micrometer-observation	1.16.6	micrometer-observation-1.16.6.pom	60ae47986b829c6a7bbbd1f34e1fd0c5e62f735a03951e1c8d84e372c3eaa132	https://repo1.maven.org/maven2/io/micrometer/micrometer-observation/1.16.6/micrometer-observation-1.16.6.pom	Publisher key unavailable during reviewed bootstrap; exact SHA-256 is required pending key recovery.	Green Harbor Labs maintainer	2026-09-22	Dependency, key, checksum, or source change
EX-064	io.opentelemetry	opentelemetry-bom	1.49.0	opentelemetry-bom-1.49.0.pom	44fcba73912b950d3ec88129e38e03c181b975f5b5ee73d7bab7866a4b376c50	https://repo1.maven.org/maven2/io/opentelemetry/opentelemetry-bom/1.49.0/opentelemetry-bom-1.49.0.pom	Publisher key unavailable during reviewed bootstrap; exact SHA-256 is required pending key recovery.	Green Harbor Labs maintainer	2026-09-22	Dependency, key, checksum, or source change
EX-065	io.opentelemetry	opentelemetry-bom	1.55.0	opentelemetry-bom-1.55.0.module	2764aa85495a878113a61caa9e447b51707fb75936c2b58091a3f64f6962e501	https://repo1.maven.org/maven2/io/opentelemetry/opentelemetry-bom/1.55.0/opentelemetry-bom-1.55.0.module	Publisher key unavailable during reviewed bootstrap; exact SHA-256 is required pending key recovery.	Green Harbor Labs maintainer	2026-09-22	Dependency, key, checksum, or source change
EX-066	io.opentelemetry	opentelemetry-bom	1.55.0	opentelemetry-bom-1.55.0.pom	94e6f698d1a97c8244f36edc65cf090636d123f7d00a7172436d40f4a90819ac	https://repo1.maven.org/maven2/io/opentelemetry/opentelemetry-bom/1.55.0/opentelemetry-bom-1.55.0.pom	Publisher key unavailable during reviewed bootstrap; exact SHA-256 is required pending key recovery.	Green Harbor Labs maintainer	2026-09-22	Dependency, key, checksum, or source change
EX-067	io.projectreactor	reactor-bom	2025.0.6	reactor-bom-2025.0.6.module	9b77b70d835bb8f3f8fc131bb4b8301155e35f1ef9c53f583778b0abada2e78b	https://repo1.maven.org/maven2/io/projectreactor/reactor-bom/2025.0.6/reactor-bom-2025.0.6.module	Publisher key unavailable during reviewed bootstrap; exact SHA-256 is required pending key recovery.	Green Harbor Labs maintainer	2026-09-22	Dependency, key, checksum, or source change
EX-068	io.projectreactor	reactor-bom	2025.0.6	reactor-bom-2025.0.6.pom	4fa117c1f018801f104242d0029d11b5a0e9d45936f5dddb97eaf350a295e3e8	https://repo1.maven.org/maven2/io/projectreactor/reactor-bom/2025.0.6/reactor-bom-2025.0.6.pom	Publisher key unavailable during reviewed bootstrap; exact SHA-256 is required pending key recovery.	Green Harbor Labs maintainer	2026-09-22	Dependency, key, checksum, or source change
EX-069	io.spring.gradle	dependency-management-plugin	1.1.7	dependency-management-plugin-1.1.7.jar	9e885eec4fc0b7152a7bba1664004085c6663a3c93b0a62463be7308b005be4c	https://repo1.maven.org/maven2/io/spring/gradle/dependency-management-plugin/1.1.7/dependency-management-plugin-1.1.7.jar	Publisher key unavailable during reviewed bootstrap; exact SHA-256 is required pending key recovery.	Green Harbor Labs maintainer	2026-09-22	Dependency, key, checksum, or source change
EX-070	io.spring.gradle	dependency-management-plugin	1.1.7	dependency-management-plugin-1.1.7.module	327b1ea8cf089ec12f63d5e087ff19c8cce668856d498fe08d10f7e15c12cc77	https://repo1.maven.org/maven2/io/spring/gradle/dependency-management-plugin/1.1.7/dependency-management-plugin-1.1.7.module	Publisher key unavailable during reviewed bootstrap; exact SHA-256 is required pending key recovery.	Green Harbor Labs maintainer	2026-09-22	Dependency, key, checksum, or source change
EX-071	junit	junit	4.13.2	junit-4.13.2.jar	8e495b634469d64fb8acfa3495a065cbacc8a0fff55ce1e31007be4c16dc57d3	https://repo1.maven.org/maven2/junit/junit/4.13.2/junit-4.13.2.jar	Publisher key unavailable during reviewed bootstrap; exact SHA-256 is required pending key recovery.	Green Harbor Labs maintainer	2026-09-22	Dependency, key, checksum, or source change
EX-072	junit	junit	4.13.2	junit-4.13.2.pom	569b6977ee4603c965c1c46c3058fa6e969291b0160eb6964dd092cd89eadd94	https://repo1.maven.org/maven2/junit/junit/4.13.2/junit-4.13.2.pom	Publisher key unavailable during reviewed bootstrap; exact SHA-256 is required pending key recovery.	Green Harbor Labs maintainer	2026-09-22	Dependency, key, checksum, or source change
EX-073	org.apache	apache	27	apache-27.pom	b2b0fc69e22a650c3892f1c366d77076f29575c6738df4c7a70a44844484cdf9	https://repo1.maven.org/maven2/org/apache/apache/27/apache-27.pom	Publisher key unavailable during reviewed bootstrap; exact SHA-256 is required pending key recovery.	Green Harbor Labs maintainer	2026-09-22	Dependency, key, checksum, or source change
EX-074	org.apache	apache	29	apache-29.pom	3e49037174820bbd0df63420a977255886398954c2a06291fa61f727ac35b377	https://repo1.maven.org/maven2/org/apache/apache/29/apache-29.pom	Publisher key unavailable during reviewed bootstrap; exact SHA-256 is required pending key recovery.	Green Harbor Labs maintainer	2026-09-22	Dependency, key, checksum, or source change
EX-075	org.apache	apache	31	apache-31.pom	555d0c9eaa69c042aff924927b9381e8f8174136d355eead445224452e6291cc	https://repo1.maven.org/maven2/org/apache/apache/31/apache-31.pom	Publisher key unavailable during reviewed bootstrap; exact SHA-256 is required pending key recovery.	Green Harbor Labs maintainer	2026-09-22	Dependency, key, checksum, or source change
EX-076	org.apache	apache	32	apache-32.pom	cfd872c0ec27f53ae68f43dbc0fecded8add773079a53afbd390e407b42ce72f	https://repo1.maven.org/maven2/org/apache/apache/32/apache-32.pom	Publisher key unavailable during reviewed bootstrap; exact SHA-256 is required pending key recovery.	Green Harbor Labs maintainer	2026-09-22	Dependency, key, checksum, or source change
EX-077	org.apache	apache	33	apache-33.pom	d78bd8524c5f8380a190a6525686629a95dfe512df21111383a6d8c0923a4415	https://repo1.maven.org/maven2/org/apache/apache/33/apache-33.pom	Publisher key unavailable during reviewed bootstrap; exact SHA-256 is required pending key recovery.	Green Harbor Labs maintainer	2026-09-22	Dependency, key, checksum, or source change
EX-078	org.apache	apache	35	apache-35.pom	ea297dcd114136e8b8e8b630230d52a76c2fc69f6c5db25d672b1857000728b8	https://repo1.maven.org/maven2/org/apache/apache/35/apache-35.pom	Publisher key unavailable during reviewed bootstrap; exact SHA-256 is required pending key recovery.	Green Harbor Labs maintainer	2026-09-22	Dependency, key, checksum, or source change
EX-079	org.apache	apache	37	apache-37.pom	524ec4787aff73af6b3a9fafa154c7f1881b648299b663fdbfcadda1286f2353	https://repo1.maven.org/maven2/org/apache/apache/37/apache-37.pom	Publisher key unavailable during reviewed bootstrap; exact SHA-256 is required pending key recovery.	Green Harbor Labs maintainer	2026-09-22	Dependency, key, checksum, or source change
EX-080	org.apache.commons	commons-dbcp2	2.14.0	commons-dbcp2-2.14.0.jar	459bebb8191906bacfeb73c62fcebc3e8c1e405a54594212b5f148d0567e668a	https://repo1.maven.org/maven2/org/apache/commons/commons-dbcp2/2.14.0/commons-dbcp2-2.14.0.jar	Publisher key unavailable during reviewed bootstrap; exact SHA-256 is required pending key recovery.	Green Harbor Labs maintainer	2026-09-22	Dependency, key, checksum, or source change
EX-081	org.apache.commons	commons-dbcp2	2.14.0	commons-dbcp2-2.14.0.pom	e4c5e0a216f67a02a9b86e3a6c49b1e02cd1452ae9507def330634f2e0e65fa8	https://repo1.maven.org/maven2/org/apache/commons/commons-dbcp2/2.14.0/commons-dbcp2-2.14.0.pom	Publisher key unavailable during reviewed bootstrap; exact SHA-256 is required pending key recovery.	Green Harbor Labs maintainer	2026-09-22	Dependency, key, checksum, or source change
EX-082	org.apache.commons	commons-parent	97	commons-parent-97.pom	14366dcbef67a69bb2a8fe9ca7289c215381c5c25093542a499f9d523a2cad7b	https://repo1.maven.org/maven2/org/apache/commons/commons-parent/97/commons-parent-97.pom	Publisher key unavailable during reviewed bootstrap; exact SHA-256 is required pending key recovery.	Green Harbor Labs maintainer	2026-09-22	Dependency, key, checksum, or source change
EX-083	org.apache.commons	commons-parent	98	commons-parent-98.pom	d40318527f56033e0ff0789971cc38c856aa99a685eea11270814e7f1eda9fba	https://repo1.maven.org/maven2/org/apache/commons/commons-parent/98/commons-parent-98.pom	Publisher key unavailable during reviewed bootstrap; exact SHA-256 is required pending key recovery.	Green Harbor Labs maintainer	2026-09-22	Dependency, key, checksum, or source change
EX-084	org.apache.commons	commons-pool2	2.13.0	commons-pool2-2.13.0.jar	488ededfcc481666845265a64dccc322fc8f0205940b4943a53de2d8ed04c48c	https://repo1.maven.org/maven2/org/apache/commons/commons-pool2/2.13.0/commons-pool2-2.13.0.jar	Publisher key unavailable during reviewed bootstrap; exact SHA-256 is required pending key recovery.	Green Harbor Labs maintainer	2026-09-22	Dependency, key, checksum, or source change
EX-085	org.apache.commons	commons-pool2	2.13.0	commons-pool2-2.13.0.pom	4a961c2f7718508716618ad31fb41cb7a5cb749428ad0a19b8ff4d0d7f0b0934	https://repo1.maven.org/maven2/org/apache/commons/commons-pool2/2.13.0/commons-pool2-2.13.0.pom	Publisher key unavailable during reviewed bootstrap; exact SHA-256 is required pending key recovery.	Green Harbor Labs maintainer	2026-09-22	Dependency, key, checksum, or source change
EX-086	org.apache.commons	commons-text	1.15.0	commons-text-1.15.0.jar	58d2da30f058512a1e7f914e39241deca4dff5c27a085b4ed2faa9e7208067f6	https://repo1.maven.org/maven2/org/apache/commons/commons-text/1.15.0/commons-text-1.15.0.jar	Publisher key unavailable during reviewed bootstrap; exact SHA-256 is required pending key recovery.	Green Harbor Labs maintainer	2026-09-22	Dependency, key, checksum, or source change
EX-087	org.apache.commons	commons-text	1.15.0	commons-text-1.15.0.pom	5e5168687bcedaea2aa8556b8b32f5afa08efcbc31d11b947c8676987bc9d239	https://repo1.maven.org/maven2/org/apache/commons/commons-text/1.15.0/commons-text-1.15.0.pom	Publisher key unavailable during reviewed bootstrap; exact SHA-256 is required pending key recovery.	Green Harbor Labs maintainer	2026-09-22	Dependency, key, checksum, or source change
EX-088	org.apache.maven	maven	3.9.12	maven-3.9.12.pom	20436e5ca31c994566ada5c73c6b9a2daebdaad7b8fadd551847338efce86740	https://repo1.maven.org/maven2/org/apache/maven/maven/3.9.12/maven-3.9.12.pom	Publisher key unavailable during reviewed bootstrap; exact SHA-256 is required pending key recovery.	Green Harbor Labs maintainer	2026-09-22	Dependency, key, checksum, or source change
EX-089	org.apache.maven	maven-artifact	3.9.12	maven-artifact-3.9.12.jar	4361cecd7e863c0992a6c901202afbb6db2a06b4f9a5e4b22481d4d39bcf137c	https://repo1.maven.org/maven2/org/apache/maven/maven-artifact/3.9.12/maven-artifact-3.9.12.jar	Publisher key unavailable during reviewed bootstrap; exact SHA-256 is required pending key recovery.	Green Harbor Labs maintainer	2026-09-22	Dependency, key, checksum, or source change
EX-090	org.apache.maven	maven-artifact	3.9.12	maven-artifact-3.9.12.pom	bdfb423e800d31c1d05cf6eed602ac48535afe3236007a076083ceb6fae89563	https://repo1.maven.org/maven2/org/apache/maven/maven-artifact/3.9.12/maven-artifact-3.9.12.pom	Publisher key unavailable during reviewed bootstrap; exact SHA-256 is required pending key recovery.	Green Harbor Labs maintainer	2026-09-22	Dependency, key, checksum, or source change
EX-091	org.apache.maven	maven-builder-support	3.9.12	maven-builder-support-3.9.12.jar	22a0345c7a90dbe7758209d52135967daa8aae6543c7016cb635891b0eceeed4	https://repo1.maven.org/maven2/org/apache/maven/maven-builder-support/3.9.12/maven-builder-support-3.9.12.jar	Publisher key unavailable during reviewed bootstrap; exact SHA-256 is required pending key recovery.	Green Harbor Labs maintainer	2026-09-22	Dependency, key, checksum, or source change
EX-092	org.apache.maven	maven-builder-support	3.9.12	maven-builder-support-3.9.12.pom	1daaf513a38d3639a1e6f4eae1a1d7dc42bb1d9391c054a53cdf1f145026c619	https://repo1.maven.org/maven2/org/apache/maven/maven-builder-support/3.9.12/maven-builder-support-3.9.12.pom	Publisher key unavailable during reviewed bootstrap; exact SHA-256 is required pending key recovery.	Green Harbor Labs maintainer	2026-09-22	Dependency, key, checksum, or source change
EX-093	org.apache.maven	maven-core	3.9.12	maven-core-3.9.12.jar	1ee217c759a895771a07a2018c026bba01373305d9bad0099f06dbbdbcf2c332	https://repo1.maven.org/maven2/org/apache/maven/maven-core/3.9.12/maven-core-3.9.12.jar	Publisher key unavailable during reviewed bootstrap; exact SHA-256 is required pending key recovery.	Green Harbor Labs maintainer	2026-09-22	Dependency, key, checksum, or source change
EX-094	org.apache.maven	maven-core	3.9.12	maven-core-3.9.12.pom	4f38e8a8dd52f0bcdf30cbc1947d01a2352b1c32e95334f9e278bce3ddf8a0a5	https://repo1.maven.org/maven2/org/apache/maven/maven-core/3.9.12/maven-core-3.9.12.pom	Publisher key unavailable during reviewed bootstrap; exact SHA-256 is required pending key recovery.	Green Harbor Labs maintainer	2026-09-22	Dependency, key, checksum, or source change
EX-095	org.apache.maven	maven-model	3.9.12	maven-model-3.9.12.jar	d443a20cb801a7f116e10a80dd1ebf7aaae7182880d1097e0681d498c45e168b	https://repo1.maven.org/maven2/org/apache/maven/maven-model/3.9.12/maven-model-3.9.12.jar	Publisher key unavailable during reviewed bootstrap; exact SHA-256 is required pending key recovery.	Green Harbor Labs maintainer	2026-09-22	Dependency, key, checksum, or source change
EX-096	org.apache.maven	maven-model	3.9.12	maven-model-3.9.12.pom	2d80cdfdc4d685780fe9c3b9a2c8b44379c8aa839949d92ecece9d2ec0d2eed7	https://repo1.maven.org/maven2/org/apache/maven/maven-model/3.9.12/maven-model-3.9.12.pom	Publisher key unavailable during reviewed bootstrap; exact SHA-256 is required pending key recovery.	Green Harbor Labs maintainer	2026-09-22	Dependency, key, checksum, or source change
EX-097	org.apache.maven	maven-model-builder	3.9.12	maven-model-builder-3.9.12.jar	1cb12b9e51b9855599dd1d02e77f08ff88772e9d4b4a7c4ee1e5d7a4f2b9b9ea	https://repo1.maven.org/maven2/org/apache/maven/maven-model-builder/3.9.12/maven-model-builder-3.9.12.jar	Publisher key unavailable during reviewed bootstrap; exact SHA-256 is required pending key recovery.	Green Harbor Labs maintainer	2026-09-22	Dependency, key, checksum, or source change
EX-098	org.apache.maven	maven-model-builder	3.9.12	maven-model-builder-3.9.12.pom	cc74e4c54985858f4703e98f2d5cfe9c5ff904f45a89dd41c31d8fa093c88e3b	https://repo1.maven.org/maven2/org/apache/maven/maven-model-builder/3.9.12/maven-model-builder-3.9.12.pom	Publisher key unavailable during reviewed bootstrap; exact SHA-256 is required pending key recovery.	Green Harbor Labs maintainer	2026-09-22	Dependency, key, checksum, or source change
EX-099	org.apache.maven	maven-parent	39	maven-parent-39.pom	cfe4820aa1d96ae51d1dc5b0e2a9dc582c42478c24c95ca8238f547e60bef721	https://repo1.maven.org/maven2/org/apache/maven/maven-parent/39/maven-parent-39.pom	Publisher key unavailable during reviewed bootstrap; exact SHA-256 is required pending key recovery.	Green Harbor Labs maintainer	2026-09-22	Dependency, key, checksum, or source change
EX-100	org.apache.maven	maven-parent	45	maven-parent-45.pom	94fe869eb9b4ce9fce3995d05ea86b168c85d927f9d17beb814a1960c76d7e6f	https://repo1.maven.org/maven2/org/apache/maven/maven-parent/45/maven-parent-45.pom	Publisher key unavailable during reviewed bootstrap; exact SHA-256 is required pending key recovery.	Green Harbor Labs maintainer	2026-09-22	Dependency, key, checksum, or source change
EX-101	org.apache.maven	maven-plugin-api	3.9.12	maven-plugin-api-3.9.12.jar	104a1e073e5484eae2eac594c6e49b59bdd1103fe480ceb9a3468cd427449570	https://repo1.maven.org/maven2/org/apache/maven/maven-plugin-api/3.9.12/maven-plugin-api-3.9.12.jar	Publisher key unavailable during reviewed bootstrap; exact SHA-256 is required pending key recovery.	Green Harbor Labs maintainer	2026-09-22	Dependency, key, checksum, or source change
EX-102	org.apache.maven	maven-plugin-api	3.9.12	maven-plugin-api-3.9.12.pom	31c69fdaeff15c6bce6f35a2bfb462005d76a7e6c460eb8069a258412abd042d	https://repo1.maven.org/maven2/org/apache/maven/maven-plugin-api/3.9.12/maven-plugin-api-3.9.12.pom	Publisher key unavailable during reviewed bootstrap; exact SHA-256 is required pending key recovery.	Green Harbor Labs maintainer	2026-09-22	Dependency, key, checksum, or source change
EX-103	org.apache.maven	maven-repository-metadata	3.9.12	maven-repository-metadata-3.9.12.jar	b3688646dde74429e2e04ba4d7e1482f720bd68ab53824990089d0d8c821f1da	https://repo1.maven.org/maven2/org/apache/maven/maven-repository-metadata/3.9.12/maven-repository-metadata-3.9.12.jar	Publisher key unavailable during reviewed bootstrap; exact SHA-256 is required pending key recovery.	Green Harbor Labs maintainer	2026-09-22	Dependency, key, checksum, or source change
EX-104	org.apache.maven	maven-repository-metadata	3.9.12	maven-repository-metadata-3.9.12.pom	ba9780de49a0a552521acf791eaf9a2610cb8bab88957f989740f26e8028ff06	https://repo1.maven.org/maven2/org/apache/maven/maven-repository-metadata/3.9.12/maven-repository-metadata-3.9.12.pom	Publisher key unavailable during reviewed bootstrap; exact SHA-256 is required pending key recovery.	Green Harbor Labs maintainer	2026-09-22	Dependency, key, checksum, or source change
EX-105	org.apache.maven	maven-resolver-provider	3.9.12	maven-resolver-provider-3.9.12.jar	79be07f591709b41d35e3ede06244a3447330fad469499fd5decb7606be01005	https://repo1.maven.org/maven2/org/apache/maven/maven-resolver-provider/3.9.12/maven-resolver-provider-3.9.12.jar	Publisher key unavailable during reviewed bootstrap; exact SHA-256 is required pending key recovery.	Green Harbor Labs maintainer	2026-09-22	Dependency, key, checksum, or source change
EX-106	org.apache.maven	maven-resolver-provider	3.9.12	maven-resolver-provider-3.9.12.pom	bd0dad99e4dd10b74c7aab5789632ab1e92f69eacfa995fd3015a5005399730a	https://repo1.maven.org/maven2/org/apache/maven/maven-resolver-provider/3.9.12/maven-resolver-provider-3.9.12.pom	Publisher key unavailable during reviewed bootstrap; exact SHA-256 is required pending key recovery.	Green Harbor Labs maintainer	2026-09-22	Dependency, key, checksum, or source change
EX-107	org.apache.maven	maven-settings	3.9.12	maven-settings-3.9.12.jar	eabb1adfa3ce3c9217318b6d289de20259ee42d7290660ed4358eecd56b5664f	https://repo1.maven.org/maven2/org/apache/maven/maven-settings/3.9.12/maven-settings-3.9.12.jar	Publisher key unavailable during reviewed bootstrap; exact SHA-256 is required pending key recovery.	Green Harbor Labs maintainer	2026-09-22	Dependency, key, checksum, or source change
EX-108	org.apache.maven	maven-settings	3.9.12	maven-settings-3.9.12.pom	8d7c43a2a623eab544e221b563d58c882f435f05f88b808018f42bb953c0b2b4	https://repo1.maven.org/maven2/org/apache/maven/maven-settings/3.9.12/maven-settings-3.9.12.pom	Publisher key unavailable during reviewed bootstrap; exact SHA-256 is required pending key recovery.	Green Harbor Labs maintainer	2026-09-22	Dependency, key, checksum, or source change
EX-109	org.apache.maven	maven-settings-builder	3.9.12	maven-settings-builder-3.9.12.jar	92d137e366a4b4549eda848b52d968ef076ce24b9fb2db1b7a3083b9cc896eb1	https://repo1.maven.org/maven2/org/apache/maven/maven-settings-builder/3.9.12/maven-settings-builder-3.9.12.jar	Publisher key unavailable during reviewed bootstrap; exact SHA-256 is required pending key recovery.	Green Harbor Labs maintainer	2026-09-22	Dependency, key, checksum, or source change
EX-110	org.apache.maven	maven-settings-builder	3.9.12	maven-settings-builder-3.9.12.pom	8a4f905844a4b0c6de524443ecd1aea00f7334a83dc6bd9924ec80070b90a2a3	https://repo1.maven.org/maven2/org/apache/maven/maven-settings-builder/3.9.12/maven-settings-builder-3.9.12.pom	Publisher key unavailable during reviewed bootstrap; exact SHA-256 is required pending key recovery.	Green Harbor Labs maintainer	2026-09-22	Dependency, key, checksum, or source change
EX-111	org.apache.maven.resolver	maven-resolver	1.9.25	maven-resolver-1.9.25.pom	c0870a6e68e160851cc7c1108ffc77198edf90715520d1a87c50484e7281c06e	https://repo1.maven.org/maven2/org/apache/maven/resolver/maven-resolver/1.9.25/maven-resolver-1.9.25.pom	Publisher key unavailable during reviewed bootstrap; exact SHA-256 is required pending key recovery.	Green Harbor Labs maintainer	2026-09-22	Dependency, key, checksum, or source change
EX-112	org.apache.maven.resolver	maven-resolver-api	1.9.25	maven-resolver-api-1.9.25.jar	f414e7f40aff338cef65f836aabf6cd9a9e2a0f1bfa88589315beb0ac2f498c5	https://repo1.maven.org/maven2/org/apache/maven/resolver/maven-resolver-api/1.9.25/maven-resolver-api-1.9.25.jar	Publisher key unavailable during reviewed bootstrap; exact SHA-256 is required pending key recovery.	Green Harbor Labs maintainer	2026-09-22	Dependency, key, checksum, or source change
EX-113	org.apache.maven.resolver	maven-resolver-api	1.9.25	maven-resolver-api-1.9.25.pom	d2a68bc43e04adaf767970122de0c44430458fee25dd967d0039401dc260171a	https://repo1.maven.org/maven2/org/apache/maven/resolver/maven-resolver-api/1.9.25/maven-resolver-api-1.9.25.pom	Publisher key unavailable during reviewed bootstrap; exact SHA-256 is required pending key recovery.	Green Harbor Labs maintainer	2026-09-22	Dependency, key, checksum, or source change
EX-114	org.apache.maven.resolver	maven-resolver-impl	1.9.25	maven-resolver-impl-1.9.25.jar	8d28766de3a000efa3662d5f67e428ca225498a89001195f7b3c55ea7a8bc56d	https://repo1.maven.org/maven2/org/apache/maven/resolver/maven-resolver-impl/1.9.25/maven-resolver-impl-1.9.25.jar	Publisher key unavailable during reviewed bootstrap; exact SHA-256 is required pending key recovery.	Green Harbor Labs maintainer	2026-09-22	Dependency, key, checksum, or source change
EX-115	org.apache.maven.resolver	maven-resolver-impl	1.9.25	maven-resolver-impl-1.9.25.pom	466bca9af6bd5ee3db6c130bd1fda857491c0c6ba4bc91ce01bf23bae1375dbb	https://repo1.maven.org/maven2/org/apache/maven/resolver/maven-resolver-impl/1.9.25/maven-resolver-impl-1.9.25.pom	Publisher key unavailable during reviewed bootstrap; exact SHA-256 is required pending key recovery.	Green Harbor Labs maintainer	2026-09-22	Dependency, key, checksum, or source change
EX-116	org.apache.maven.resolver	maven-resolver-named-locks	1.9.25	maven-resolver-named-locks-1.9.25.jar	e9fc779106713c33b4b5a7ed85e4273cfd7b9a96df7cf678eb0ac588f72669e3	https://repo1.maven.org/maven2/org/apache/maven/resolver/maven-resolver-named-locks/1.9.25/maven-resolver-named-locks-1.9.25.jar	Publisher key unavailable during reviewed bootstrap; exact SHA-256 is required pending key recovery.	Green Harbor Labs maintainer	2026-09-22	Dependency, key, checksum, or source change
EX-117	org.apache.maven.resolver	maven-resolver-named-locks	1.9.25	maven-resolver-named-locks-1.9.25.pom	3cc70063ca3c99a46bbbb75468846db02f33f2ec666d587a6f1532bc64c4db08	https://repo1.maven.org/maven2/org/apache/maven/resolver/maven-resolver-named-locks/1.9.25/maven-resolver-named-locks-1.9.25.pom	Publisher key unavailable during reviewed bootstrap; exact SHA-256 is required pending key recovery.	Green Harbor Labs maintainer	2026-09-22	Dependency, key, checksum, or source change
EX-118	org.apache.maven.resolver	maven-resolver-spi	1.9.25	maven-resolver-spi-1.9.25.jar	781fafec23ea24f2624f3e3b48c674912f4bb1a1009a051df194307ed380280e	https://repo1.maven.org/maven2/org/apache/maven/resolver/maven-resolver-spi/1.9.25/maven-resolver-spi-1.9.25.jar	Publisher key unavailable during reviewed bootstrap; exact SHA-256 is required pending key recovery.	Green Harbor Labs maintainer	2026-09-22	Dependency, key, checksum, or source change
EX-119	org.apache.maven.resolver	maven-resolver-spi	1.9.25	maven-resolver-spi-1.9.25.pom	74c5d7b6f573555d191361100f6d29ecdb36e6c8da75d7fce36ee4ba14c98e2e	https://repo1.maven.org/maven2/org/apache/maven/resolver/maven-resolver-spi/1.9.25/maven-resolver-spi-1.9.25.pom	Publisher key unavailable during reviewed bootstrap; exact SHA-256 is required pending key recovery.	Green Harbor Labs maintainer	2026-09-22	Dependency, key, checksum, or source change
EX-120	org.apache.maven.resolver	maven-resolver-util	1.9.25	maven-resolver-util-1.9.25.jar	e31330fdb29045f3087b4985cb488a5b5ebbcbd7d879fda14e6ed4dd61b1fdf7	https://repo1.maven.org/maven2/org/apache/maven/resolver/maven-resolver-util/1.9.25/maven-resolver-util-1.9.25.jar	Publisher key unavailable during reviewed bootstrap; exact SHA-256 is required pending key recovery.	Green Harbor Labs maintainer	2026-09-22	Dependency, key, checksum, or source change
EX-121	org.apache.maven.resolver	maven-resolver-util	1.9.25	maven-resolver-util-1.9.25.pom	2283fb0bb5cec9f7524cba93498c6e89739aac5edd25d3a418f0fc4f6ce30007	https://repo1.maven.org/maven2/org/apache/maven/resolver/maven-resolver-util/1.9.25/maven-resolver-util-1.9.25.pom	Publisher key unavailable during reviewed bootstrap; exact SHA-256 is required pending key recovery.	Green Harbor Labs maintainer	2026-09-22	Dependency, key, checksum, or source change
EX-122	org.apache.maven.shared	maven-shared-components	39	maven-shared-components-39.pom	17e81388d88ba61c4055450ec90a32ee30acd07f46dc6e31e096b8e53735f4b2	https://repo1.maven.org/maven2/org/apache/maven/shared/maven-shared-components/39/maven-shared-components-39.pom	Publisher key unavailable during reviewed bootstrap; exact SHA-256 is required pending key recovery.	Green Harbor Labs maintainer	2026-09-22	Dependency, key, checksum, or source change
EX-123	org.apache.maven.shared	maven-shared-utils	3.4.2	maven-shared-utils-3.4.2.jar	b613357e1bad4dfc1dead801691c9460f9585fe7c6b466bc25186212d7d18487	https://repo1.maven.org/maven2/org/apache/maven/shared/maven-shared-utils/3.4.2/maven-shared-utils-3.4.2.jar	Publisher key unavailable during reviewed bootstrap; exact SHA-256 is required pending key recovery.	Green Harbor Labs maintainer	2026-09-22	Dependency, key, checksum, or source change
EX-124	org.apache.maven.shared	maven-shared-utils	3.4.2	maven-shared-utils-3.4.2.pom	a941745d7faeb8dc9a75edc2c330c994b7440b9a44d21142716b6053967a41c1	https://repo1.maven.org/maven2/org/apache/maven/shared/maven-shared-utils/3.4.2/maven-shared-utils-3.4.2.pom	Publisher key unavailable during reviewed bootstrap; exact SHA-256 is required pending key recovery.	Green Harbor Labs maintainer	2026-09-22	Dependency, key, checksum, or source change
EX-125	org.apiguardian	apiguardian-api	1.1.2	apiguardian-api-1.1.2.jar	b509448ac506d607319f182537f0b35d71007582ec741832a1f111e5b5b70b38	https://repo1.maven.org/maven2/org/apiguardian/apiguardian-api/1.1.2/apiguardian-api-1.1.2.jar	Publisher key unavailable during reviewed bootstrap; exact SHA-256 is required pending key recovery.	Green Harbor Labs maintainer	2026-09-22	Dependency, key, checksum, or source change
EX-126	org.apiguardian	apiguardian-api	1.1.2	apiguardian-api-1.1.2.module	e08028131375b357d1d28734e9a4fb4216da84b240641cb3ef7e7c7d628223fc	https://repo1.maven.org/maven2/org/apiguardian/apiguardian-api/1.1.2/apiguardian-api-1.1.2.module	Publisher key unavailable during reviewed bootstrap; exact SHA-256 is required pending key recovery.	Green Harbor Labs maintainer	2026-09-22	Dependency, key, checksum, or source change
EX-127	org.codehaus.mojo	mojo-parent	94	mojo-parent-94.pom	d7e1a553ddc8746158dc3e4a0639bf4ac27f0d3685997e8ec95948cb2a69e134	https://repo1.maven.org/maven2/org/codehaus/mojo/mojo-parent/94/mojo-parent-94.pom	Publisher key unavailable during reviewed bootstrap; exact SHA-256 is required pending key recovery.	Green Harbor Labs maintainer	2026-09-22	Dependency, key, checksum, or source change
EX-128	org.codehaus.plexus	plexus	16	plexus-16.pom	68d4eed65a3dbbc342ed80dd138fbe9c67cb7fb4c2abc4f5201cdb5b9f645868	https://repo1.maven.org/maven2/org/codehaus/plexus/plexus/16/plexus-16.pom	Publisher key unavailable during reviewed bootstrap; exact SHA-256 is required pending key recovery.	Green Harbor Labs maintainer	2026-09-22	Dependency, key, checksum, or source change
EX-129	org.codehaus.plexus	plexus	19	plexus-19.pom	8d3e51c3902fd7596e548eab121ebf6b0d4aa73857077f26a24fc86f9b8455b4	https://repo1.maven.org/maven2/org/codehaus/plexus/plexus/19/plexus-19.pom	Publisher key unavailable during reviewed bootstrap; exact SHA-256 is required pending key recovery.	Green Harbor Labs maintainer	2026-09-22	Dependency, key, checksum, or source change
EX-130	org.codehaus.plexus	plexus	20	plexus-20.pom	a7b594b002fc791733c8e94470d09045f4fd69a93ad5c375752f2057f84633b4	https://repo1.maven.org/maven2/org/codehaus/plexus/plexus/20/plexus-20.pom	Publisher key unavailable during reviewed bootstrap; exact SHA-256 is required pending key recovery.	Green Harbor Labs maintainer	2026-09-22	Dependency, key, checksum, or source change
EX-131	org.codehaus.plexus	plexus	24	plexus-24.pom	89a1bc79e46c35ab108b7e215bb2c5c215ff8f3af1ae3cfef82d9a2b33b06c51	https://repo1.maven.org/maven2/org/codehaus/plexus/plexus/24/plexus-24.pom	Publisher key unavailable during reviewed bootstrap; exact SHA-256 is required pending key recovery.	Green Harbor Labs maintainer	2026-09-22	Dependency, key, checksum, or source change
EX-132	org.cyclonedx	cyclonedx-core-java	11.0.1	cyclonedx-core-java-11.0.1.jar	989348cc6d385629a3ccb735d450b0f0f022167cb702c2fcb0e6f2bdd989dde7	https://repo1.maven.org/maven2/org/cyclonedx/cyclonedx-core-java/11.0.1/cyclonedx-core-java-11.0.1.jar	Publisher key unavailable during reviewed bootstrap; exact SHA-256 is required pending key recovery.	Green Harbor Labs maintainer	2026-09-22	Dependency, key, checksum, or source change
EX-133	org.cyclonedx	cyclonedx-core-java	11.0.1	cyclonedx-core-java-11.0.1.pom	ec2a0faa4624016bdf344bc8e1f22d5e0bfbf7743c0f15a75213140612d0c3b1	https://repo1.maven.org/maven2/org/cyclonedx/cyclonedx-core-java/11.0.1/cyclonedx-core-java-11.0.1.pom	Publisher key unavailable during reviewed bootstrap; exact SHA-256 is required pending key recovery.	Green Harbor Labs maintainer	2026-09-22	Dependency, key, checksum, or source change
EX-134	org.eclipse.platform	org.eclipse.osgi	3.23.100	org.eclipse.osgi-3.23.100.jar	9164f40fd0b424caf21ca6518186d2af82691f2a8de452f8a7d290b955280a21	https://repo1.maven.org/maven2/org/eclipse/platform/org.eclipse.osgi/3.23.100/org.eclipse.osgi-3.23.100.jar	Publisher key unavailable during reviewed bootstrap; exact SHA-256 is required pending key recovery.	Green Harbor Labs maintainer	2026-09-22	Dependency, key, checksum, or source change
EX-135	org.eclipse.platform	org.eclipse.osgi	3.23.100	org.eclipse.osgi-3.23.100.pom	8298793b43e4a212b3789e9cfdda5912a1064c290f4e0af8a54acb48d0794ee4	https://repo1.maven.org/maven2/org/eclipse/platform/org.eclipse.osgi/3.23.100/org.eclipse.osgi-3.23.100.pom	Publisher key unavailable during reviewed bootstrap; exact SHA-256 is required pending key recovery.	Green Harbor Labs maintainer	2026-09-22	Dependency, key, checksum, or source change
EX-136	org.junit	junit-bom	5.10.1	junit-bom-5.10.1.pom	21c4b0286f4b20069577ff4b20978a85c100ac8a46b6f1c8672fbaab337bc3f2	https://repo1.maven.org/maven2/org/junit/junit-bom/5.10.1/junit-bom-5.10.1.pom	Publisher key unavailable during reviewed bootstrap; exact SHA-256 is required pending key recovery.	Green Harbor Labs maintainer	2026-09-22	Dependency, key, checksum, or source change
EX-137	org.junit	junit-bom	5.11.0-M2	junit-bom-5.11.0-M2.pom	4a3ffc4a4edcfec2cb5d619922706a9407161798571939f854dfda73e4e17cc8	https://repo1.maven.org/maven2/org/junit/junit-bom/5.11.0-M2/junit-bom-5.11.0-M2.pom	Publisher key unavailable during reviewed bootstrap; exact SHA-256 is required pending key recovery.	Green Harbor Labs maintainer	2026-09-22	Dependency, key, checksum, or source change
EX-138	org.junit	junit-bom	5.11.1	junit-bom-5.11.1.pom	c72124a9c9a79910c1858766b72c350e1a39244cbfb4b076348fbfe078281965	https://repo1.maven.org/maven2/org/junit/junit-bom/5.11.1/junit-bom-5.11.1.pom	Publisher key unavailable during reviewed bootstrap; exact SHA-256 is required pending key recovery.	Green Harbor Labs maintainer	2026-09-22	Dependency, key, checksum, or source change
EX-139	org.junit	junit-bom	5.12.2	junit-bom-5.12.2.pom	cef80fec86454f6806bfb0df24669b5c6f32e2cb728539ea859f47dfdc9bbc17	https://repo1.maven.org/maven2/org/junit/junit-bom/5.12.2/junit-bom-5.12.2.pom	Publisher key unavailable during reviewed bootstrap; exact SHA-256 is required pending key recovery.	Green Harbor Labs maintainer	2026-09-22	Dependency, key, checksum, or source change
EX-140	org.junit	junit-bom	5.13.1	junit-bom-5.13.1.pom	fa68451ea830572ed43ffe51d75b6a05f7a5e665a602a51f49d6be02063a65f3	https://repo1.maven.org/maven2/org/junit/junit-bom/5.13.1/junit-bom-5.13.1.pom	Publisher key unavailable during reviewed bootstrap; exact SHA-256 is required pending key recovery.	Green Harbor Labs maintainer	2026-09-22	Dependency, key, checksum, or source change
EX-141	org.junit	junit-bom	5.13.2	junit-bom-5.13.2.module	ed67e15221404ac42b5e598102edf762dd6a952dc95001e9c0c4ee74a04e8283	https://repo1.maven.org/maven2/org/junit/junit-bom/5.13.2/junit-bom-5.13.2.module	Publisher key unavailable during reviewed bootstrap; exact SHA-256 is required pending key recovery.	Green Harbor Labs maintainer	2026-09-22	Dependency, key, checksum, or source change
EX-142	org.junit	junit-bom	5.13.2	junit-bom-5.13.2.pom	43b1104fb3fd4ef4b72a9751d41e09c29f001c8be00ff3972238dc169a734b49	https://repo1.maven.org/maven2/org/junit/junit-bom/5.13.2/junit-bom-5.13.2.pom	Publisher key unavailable during reviewed bootstrap; exact SHA-256 is required pending key recovery.	Green Harbor Labs maintainer	2026-09-22	Dependency, key, checksum, or source change
EX-143	org.junit	junit-bom	5.13.4	junit-bom-5.13.4.module	e959288fde1b1b050d9bc082fc786789128da5d2853091468fca504104bdf400	https://repo1.maven.org/maven2/org/junit/junit-bom/5.13.4/junit-bom-5.13.4.module	Publisher key unavailable during reviewed bootstrap; exact SHA-256 is required pending key recovery.	Green Harbor Labs maintainer	2026-09-22	Dependency, key, checksum, or source change
EX-144	org.junit	junit-bom	5.13.4	junit-bom-5.13.4.pom	d7a08a99b2502f0bb68cd4e1f984f0bf69324aaa208bd0f73366c03fc3548a42	https://repo1.maven.org/maven2/org/junit/junit-bom/5.13.4/junit-bom-5.13.4.pom	Publisher key unavailable during reviewed bootstrap; exact SHA-256 is required pending key recovery.	Green Harbor Labs maintainer	2026-09-22	Dependency, key, checksum, or source change
EX-145	org.junit	junit-bom	5.14.0	junit-bom-5.14.0.module	7ad3ddb2d74e6a77d65ae89aca45d468c97bf9915b6bc52f449d675e4e6f9b35	https://repo1.maven.org/maven2/org/junit/junit-bom/5.14.0/junit-bom-5.14.0.module	Publisher key unavailable during reviewed bootstrap; exact SHA-256 is required pending key recovery.	Green Harbor Labs maintainer	2026-09-22	Dependency, key, checksum, or source change
EX-146	org.junit	junit-bom	5.14.0	junit-bom-5.14.0.pom	f5aa47b366483e8d1f9bef10e67a0c66f66afc0f331c9f966b1310bad60d0f6f	https://repo1.maven.org/maven2/org/junit/junit-bom/5.14.0/junit-bom-5.14.0.pom	Publisher key unavailable during reviewed bootstrap; exact SHA-256 is required pending key recovery.	Green Harbor Labs maintainer	2026-09-22	Dependency, key, checksum, or source change
EX-147	org.junit	junit-bom	5.14.1	junit-bom-5.14.1.pom	01b01dfa366550b40ac5760548a7d728b6109d17c451e83864d1e5e0ce862c94	https://repo1.maven.org/maven2/org/junit/junit-bom/5.14.1/junit-bom-5.14.1.pom	Publisher key unavailable during reviewed bootstrap; exact SHA-256 is required pending key recovery.	Green Harbor Labs maintainer	2026-09-22	Dependency, key, checksum, or source change
EX-148	org.junit	junit-bom	5.14.2	junit-bom-5.14.2.module	5d26f4440392326dd2483cf490143eea1495d5095459a0b9651a7b1b38e24ebf	https://repo1.maven.org/maven2/org/junit/junit-bom/5.14.2/junit-bom-5.14.2.module	Publisher key unavailable during reviewed bootstrap; exact SHA-256 is required pending key recovery.	Green Harbor Labs maintainer	2026-09-22	Dependency, key, checksum, or source change
EX-149	org.junit	junit-bom	5.14.2	junit-bom-5.14.2.pom	ed2dcc7855bd460bccc93a1bf0c962e63b566ff7d8f1ded0f1f2593ba8183aaf	https://repo1.maven.org/maven2/org/junit/junit-bom/5.14.2/junit-bom-5.14.2.pom	Publisher key unavailable during reviewed bootstrap; exact SHA-256 is required pending key recovery.	Green Harbor Labs maintainer	2026-09-22	Dependency, key, checksum, or source change
EX-150	org.junit	junit-bom	5.14.4	junit-bom-5.14.4.pom	5706e8f29a0a07f56efbbea4a0670793414194bb8d24d8143ba1e787a2f32856	https://repo1.maven.org/maven2/org/junit/junit-bom/5.14.4/junit-bom-5.14.4.pom	Publisher key unavailable during reviewed bootstrap; exact SHA-256 is required pending key recovery.	Green Harbor Labs maintainer	2026-09-22	Dependency, key, checksum, or source change
EX-151	org.junit	junit-bom	5.9.3	junit-bom-5.9.3.pom	4d0329cd9e72f2420e5ca15724cbfe6ffa6e5fd2888361516271190fdc342ed7	https://repo1.maven.org/maven2/org/junit/junit-bom/5.9.3/junit-bom-5.9.3.pom	Publisher key unavailable during reviewed bootstrap; exact SHA-256 is required pending key recovery.	Green Harbor Labs maintainer	2026-09-22	Dependency, key, checksum, or source change
EX-152	org.junit	junit-bom	6.0.3	junit-bom-6.0.3.module	280e3c34855f2a13de24121937e4cf97e4b9eb9206e60f891e4f0a1cf0e7aba1	https://repo1.maven.org/maven2/org/junit/junit-bom/6.0.3/junit-bom-6.0.3.module	Publisher key unavailable during reviewed bootstrap; exact SHA-256 is required pending key recovery.	Green Harbor Labs maintainer	2026-09-22	Dependency, key, checksum, or source change
EX-153	org.junit	junit-bom	6.0.3	junit-bom-6.0.3.pom	a655b6a5dc00d1bebc91fb2b15c0c7e8aeac9d6bdcf879595505370e27530287	https://repo1.maven.org/maven2/org/junit/junit-bom/6.0.3/junit-bom-6.0.3.pom	Publisher key unavailable during reviewed bootstrap; exact SHA-256 is required pending key recovery.	Green Harbor Labs maintainer	2026-09-22	Dependency, key, checksum, or source change
EX-154	org.junit.jupiter	junit-jupiter	6.0.3	junit-jupiter-6.0.3.jar	784b65815f479a0c99a9d3a573b142e2a525efb6025d97f751b19e72f90aeda3	https://repo1.maven.org/maven2/org/junit/jupiter/junit-jupiter/6.0.3/junit-jupiter-6.0.3.jar	Publisher key unavailable during reviewed bootstrap; exact SHA-256 is required pending key recovery.	Green Harbor Labs maintainer	2026-09-22	Dependency, key, checksum, or source change
EX-155	org.junit.jupiter	junit-jupiter	6.0.3	junit-jupiter-6.0.3.module	81a64cf22afb8e768755213e9c80ebd3ab0331ce400a6fd639e43a5495ad8fe0	https://repo1.maven.org/maven2/org/junit/jupiter/junit-jupiter/6.0.3/junit-jupiter-6.0.3.module	Publisher key unavailable during reviewed bootstrap; exact SHA-256 is required pending key recovery.	Green Harbor Labs maintainer	2026-09-22	Dependency, key, checksum, or source change
EX-156	org.junit.jupiter	junit-jupiter	6.0.3	junit-jupiter-6.0.3.pom	bced20e91aaa5677f1ba96fa6f718100ab83e894a52e9961b6004c056a1845ec	https://repo1.maven.org/maven2/org/junit/jupiter/junit-jupiter/6.0.3/junit-jupiter-6.0.3.pom	Publisher key unavailable during reviewed bootstrap; exact SHA-256 is required pending key recovery.	Green Harbor Labs maintainer	2026-09-22	Dependency, key, checksum, or source change
EX-157	org.junit.jupiter	junit-jupiter-api	6.0.3	junit-jupiter-api-6.0.3.jar	d655d7e6f0c7ae07f10a2f3bbaaebb6d30e9b26204a068ad9e9b3950aa28792c	https://repo1.maven.org/maven2/org/junit/jupiter/junit-jupiter-api/6.0.3/junit-jupiter-api-6.0.3.jar	Publisher key unavailable during reviewed bootstrap; exact SHA-256 is required pending key recovery.	Green Harbor Labs maintainer	2026-09-22	Dependency, key, checksum, or source change
EX-158	org.junit.jupiter	junit-jupiter-api	6.0.3	junit-jupiter-api-6.0.3.module	ea4d7f7af9ac16bb2e177e268907896fa3c6f9ae5072604d4682d7aeffe29ca8	https://repo1.maven.org/maven2/org/junit/jupiter/junit-jupiter-api/6.0.3/junit-jupiter-api-6.0.3.module	Publisher key unavailable during reviewed bootstrap; exact SHA-256 is required pending key recovery.	Green Harbor Labs maintainer	2026-09-22	Dependency, key, checksum, or source change
EX-159	org.junit.jupiter	junit-jupiter-api	6.0.3	junit-jupiter-api-6.0.3.pom	766c80fb318e1600ebf6c9a921de801887b1548aa282d6ad69188b7608d56d47	https://repo1.maven.org/maven2/org/junit/jupiter/junit-jupiter-api/6.0.3/junit-jupiter-api-6.0.3.pom	Publisher key unavailable during reviewed bootstrap; exact SHA-256 is required pending key recovery.	Green Harbor Labs maintainer	2026-09-22	Dependency, key, checksum, or source change
EX-160	org.junit.jupiter	junit-jupiter-engine	6.0.3	junit-jupiter-engine-6.0.3.jar	1e2fab61ad27ea08fc7c70dd9677cf8c6d1ae5434d42dcfdd633b12c7e7c04d0	https://repo1.maven.org/maven2/org/junit/jupiter/junit-jupiter-engine/6.0.3/junit-jupiter-engine-6.0.3.jar	Publisher key unavailable during reviewed bootstrap; exact SHA-256 is required pending key recovery.	Green Harbor Labs maintainer	2026-09-22	Dependency, key, checksum, or source change
EX-161	org.junit.jupiter	junit-jupiter-engine	6.0.3	junit-jupiter-engine-6.0.3.module	d374e586f1c0a5dca1fb4d19349e0a804a9173b961f841e28cfc5881e2e6515d	https://repo1.maven.org/maven2/org/junit/jupiter/junit-jupiter-engine/6.0.3/junit-jupiter-engine-6.0.3.module	Publisher key unavailable during reviewed bootstrap; exact SHA-256 is required pending key recovery.	Green Harbor Labs maintainer	2026-09-22	Dependency, key, checksum, or source change
EX-162	org.junit.jupiter	junit-jupiter-engine	6.0.3	junit-jupiter-engine-6.0.3.pom	bafbc099326c1883f0ee1cb056d31b4222e26165f9f9aa9b896f3d3f78a31538	https://repo1.maven.org/maven2/org/junit/jupiter/junit-jupiter-engine/6.0.3/junit-jupiter-engine-6.0.3.pom	Publisher key unavailable during reviewed bootstrap; exact SHA-256 is required pending key recovery.	Green Harbor Labs maintainer	2026-09-22	Dependency, key, checksum, or source change
EX-163	org.junit.jupiter	junit-jupiter-params	6.0.3	junit-jupiter-params-6.0.3.jar	cf2947e2302b9f8c8a059259a277881c1cadae8fbc2514c16a925cfeb7beb2e5	https://repo1.maven.org/maven2/org/junit/jupiter/junit-jupiter-params/6.0.3/junit-jupiter-params-6.0.3.jar	Publisher key unavailable during reviewed bootstrap; exact SHA-256 is required pending key recovery.	Green Harbor Labs maintainer	2026-09-22	Dependency, key, checksum, or source change
EX-164	org.junit.jupiter	junit-jupiter-params	6.0.3	junit-jupiter-params-6.0.3.module	d4b064b0ff140f555dd06744b1cc6bfffc10f5249b2dd5aa469ae5f4d4efec28	https://repo1.maven.org/maven2/org/junit/jupiter/junit-jupiter-params/6.0.3/junit-jupiter-params-6.0.3.module	Publisher key unavailable during reviewed bootstrap; exact SHA-256 is required pending key recovery.	Green Harbor Labs maintainer	2026-09-22	Dependency, key, checksum, or source change
EX-165	org.junit.jupiter	junit-jupiter-params	6.0.3	junit-jupiter-params-6.0.3.pom	995b64ecaa2227c4b55f3eb8e77735f544434a2ec2cfeed0605e8baf108263de	https://repo1.maven.org/maven2/org/junit/jupiter/junit-jupiter-params/6.0.3/junit-jupiter-params-6.0.3.pom	Publisher key unavailable during reviewed bootstrap; exact SHA-256 is required pending key recovery.	Green Harbor Labs maintainer	2026-09-22	Dependency, key, checksum, or source change
EX-166	org.junit.platform	junit-platform-commons	6.0.3	junit-platform-commons-6.0.3.jar	39f262d09c3d52719fe0b77f080e90a3695e285d779a41b232e17963ae5da200	https://repo1.maven.org/maven2/org/junit/platform/junit-platform-commons/6.0.3/junit-platform-commons-6.0.3.jar	Publisher key unavailable during reviewed bootstrap; exact SHA-256 is required pending key recovery.	Green Harbor Labs maintainer	2026-09-22	Dependency, key, checksum, or source change
EX-167	org.junit.platform	junit-platform-commons	6.0.3	junit-platform-commons-6.0.3.module	9df2e66b6d950400a518a9add3433d0a3071ce1c33a6f80f9cf22562d52945b7	https://repo1.maven.org/maven2/org/junit/platform/junit-platform-commons/6.0.3/junit-platform-commons-6.0.3.module	Publisher key unavailable during reviewed bootstrap; exact SHA-256 is required pending key recovery.	Green Harbor Labs maintainer	2026-09-22	Dependency, key, checksum, or source change
EX-168	org.junit.platform	junit-platform-commons	6.0.3	junit-platform-commons-6.0.3.pom	bdb8e24be97e0e59769f2164b5361f55227958df4103d68682f8779ad2ca8d7d	https://repo1.maven.org/maven2/org/junit/platform/junit-platform-commons/6.0.3/junit-platform-commons-6.0.3.pom	Publisher key unavailable during reviewed bootstrap; exact SHA-256 is required pending key recovery.	Green Harbor Labs maintainer	2026-09-22	Dependency, key, checksum, or source change
EX-169	org.junit.platform	junit-platform-engine	6.0.3	junit-platform-engine-6.0.3.jar	491e9e4f745f161b8a8e4186a1a7c6a450ea12c70930c9aedae427215301d947	https://repo1.maven.org/maven2/org/junit/platform/junit-platform-engine/6.0.3/junit-platform-engine-6.0.3.jar	Publisher key unavailable during reviewed bootstrap; exact SHA-256 is required pending key recovery.	Green Harbor Labs maintainer	2026-09-22	Dependency, key, checksum, or source change
EX-170	org.junit.platform	junit-platform-engine	6.0.3	junit-platform-engine-6.0.3.module	535a8678fdabc41dbf0c41cc5b7561ef120d75650c3dc39302a7d60937661393	https://repo1.maven.org/maven2/org/junit/platform/junit-platform-engine/6.0.3/junit-platform-engine-6.0.3.module	Publisher key unavailable during reviewed bootstrap; exact SHA-256 is required pending key recovery.	Green Harbor Labs maintainer	2026-09-22	Dependency, key, checksum, or source change
EX-171	org.junit.platform	junit-platform-engine	6.0.3	junit-platform-engine-6.0.3.pom	7a87d8c6a0a7db0260b00ce303180f6f41d040562895d6804619d5db6ee232be	https://repo1.maven.org/maven2/org/junit/platform/junit-platform-engine/6.0.3/junit-platform-engine-6.0.3.pom	Publisher key unavailable during reviewed bootstrap; exact SHA-256 is required pending key recovery.	Green Harbor Labs maintainer	2026-09-22	Dependency, key, checksum, or source change
EX-172	org.junit.platform	junit-platform-launcher	6.0.3	junit-platform-launcher-6.0.3.jar	315608372e4dc44bca0ccb3ae8a07ecc206b3367033fa05748a03ccd563f1301	https://repo1.maven.org/maven2/org/junit/platform/junit-platform-launcher/6.0.3/junit-platform-launcher-6.0.3.jar	Publisher key unavailable during reviewed bootstrap; exact SHA-256 is required pending key recovery.	Green Harbor Labs maintainer	2026-09-22	Dependency, key, checksum, or source change
EX-173	org.junit.platform	junit-platform-launcher	6.0.3	junit-platform-launcher-6.0.3.module	825667ad6a84b0c5ba753752be9a99e3014bfe529143bc66b4674d91b03fa5b8	https://repo1.maven.org/maven2/org/junit/platform/junit-platform-launcher/6.0.3/junit-platform-launcher-6.0.3.module	Publisher key unavailable during reviewed bootstrap; exact SHA-256 is required pending key recovery.	Green Harbor Labs maintainer	2026-09-22	Dependency, key, checksum, or source change
EX-174	org.junit.platform	junit-platform-launcher	6.0.3	junit-platform-launcher-6.0.3.pom	4d39e03f2093776f4193071c8cdf198136b96166c7b43b5e37e7d6156b9d98ed	https://repo1.maven.org/maven2/org/junit/platform/junit-platform-launcher/6.0.3/junit-platform-launcher-6.0.3.pom	Publisher key unavailable during reviewed bootstrap; exact SHA-256 is required pending key recovery.	Green Harbor Labs maintainer	2026-09-22	Dependency, key, checksum, or source change
EX-175	org.opentest4j	opentest4j	1.3.0	opentest4j-1.3.0.jar	48e2df636cab6563ced64dcdff8abb2355627cb236ef0bf37598682ddf742f1b	https://repo1.maven.org/maven2/org/opentest4j/opentest4j/1.3.0/opentest4j-1.3.0.jar	Publisher key unavailable during reviewed bootstrap; exact SHA-256 is required pending key recovery.	Green Harbor Labs maintainer	2026-09-22	Dependency, key, checksum, or source change
EX-176	org.opentest4j	opentest4j	1.3.0	opentest4j-1.3.0.module	48bf1d6c8b5dc94f74652bd17900f654deb714350248cf5e8fca27b9090c8e0d	https://repo1.maven.org/maven2/org/opentest4j/opentest4j/1.3.0/opentest4j-1.3.0.module	Publisher key unavailable during reviewed bootstrap; exact SHA-256 is required pending key recovery.	Green Harbor Labs maintainer	2026-09-22	Dependency, key, checksum, or source change
EX-177	org.opentest4j	opentest4j	1.3.0	opentest4j-1.3.0.pom	9bf7cffc410f3e8372c2522578df9ca56d9d43bd937e30948706c232a943b355	https://repo1.maven.org/maven2/org/opentest4j/opentest4j/1.3.0/opentest4j-1.3.0.pom	Publisher key unavailable during reviewed bootstrap; exact SHA-256 is required pending key recovery.	Green Harbor Labs maintainer	2026-09-22	Dependency, key, checksum, or source change
EX-178	org.ow2	ow2	1.5.1	ow2-1.5.1.pom	321ddbb7ee6fe4f53dea6b4cd6db74154d6bfa42391c1f763b361b9f485acf05	https://repo1.maven.org/maven2/org/ow2/ow2/1.5.1/ow2-1.5.1.pom	Publisher key unavailable during reviewed bootstrap; exact SHA-256 is required pending key recovery.	Green Harbor Labs maintainer	2026-09-22	Dependency, key, checksum, or source change
EX-179	org.owasp	dependency-check-core	13.0.0	dependency-check-core-13.0.0.jar	698c9958e5e1c12911845ea20a7bc5a1eb3c55cd69e808890d643716da4ed596	https://repo1.maven.org/maven2/org/owasp/dependency-check-core/13.0.0/dependency-check-core-13.0.0.jar	Publisher key unavailable during reviewed bootstrap; exact SHA-256 is required pending key recovery.	Green Harbor Labs maintainer	2026-09-22	Dependency, key, checksum, or source change
EX-180	org.owasp	dependency-check-core	13.0.0	dependency-check-core-13.0.0.pom	de6da39002b5eb4b5aad04003bea0d18728e86c263f90c80ed4ec5e28073af9b	https://repo1.maven.org/maven2/org/owasp/dependency-check-core/13.0.0/dependency-check-core-13.0.0.pom	Publisher key unavailable during reviewed bootstrap; exact SHA-256 is required pending key recovery.	Green Harbor Labs maintainer	2026-09-22	Dependency, key, checksum, or source change
EX-181	org.owasp	dependency-check-gradle	13.0.0	dependency-check-gradle-13.0.0.jar	c752bf955698fa860301742be19e754a3d1f6dc0a69d70822f9de00773a6bc1f	https://repo1.maven.org/maven2/org/owasp/dependency-check-gradle/13.0.0/dependency-check-gradle-13.0.0.jar	Publisher key unavailable during reviewed bootstrap; exact SHA-256 is required pending key recovery.	Green Harbor Labs maintainer	2026-09-22	Dependency, key, checksum, or source change
EX-182	org.owasp	dependency-check-gradle	13.0.0	dependency-check-gradle-13.0.0.module	1b64e16d18bfe83905c607ec58b13b4dc40b708f9de389d88c270e194daf47c4	https://repo1.maven.org/maven2/org/owasp/dependency-check-gradle/13.0.0/dependency-check-gradle-13.0.0.module	Publisher key unavailable during reviewed bootstrap; exact SHA-256 is required pending key recovery.	Green Harbor Labs maintainer	2026-09-22	Dependency, key, checksum, or source change
EX-183	org.owasp	dependency-check-parent	13.0.0	dependency-check-parent-13.0.0.pom	ee4c49a17083d24b2ae4a2aca8364581b7e4936f47bb8540102a565b931f34bf	https://repo1.maven.org/maven2/org/owasp/dependency-check-parent/13.0.0/dependency-check-parent-13.0.0.pom	Publisher key unavailable during reviewed bootstrap; exact SHA-256 is required pending key recovery.	Green Harbor Labs maintainer	2026-09-22	Dependency, key, checksum, or source change
EX-184	org.owasp	dependency-check-utils	13.0.0	dependency-check-utils-13.0.0.jar	28b00a6ba5a204334a6fd9261604e4130a68d1132ae79c144ad47ce4e0ec609c	https://repo1.maven.org/maven2/org/owasp/dependency-check-utils/13.0.0/dependency-check-utils-13.0.0.jar	Publisher key unavailable during reviewed bootstrap; exact SHA-256 is required pending key recovery.	Green Harbor Labs maintainer	2026-09-22	Dependency, key, checksum, or source change
EX-185	org.owasp	dependency-check-utils	13.0.0	dependency-check-utils-13.0.0.pom	dda475efc33b7603a6c20db4af82a9df553128b2fe05255578b5b00cd890c9c3	https://repo1.maven.org/maven2/org/owasp/dependency-check-utils/13.0.0/dependency-check-utils-13.0.0.pom	Publisher key unavailable during reviewed bootstrap; exact SHA-256 is required pending key recovery.	Green Harbor Labs maintainer	2026-09-22	Dependency, key, checksum, or source change
EX-186	org.slf4j	jcl-over-slf4j	2.0.18	jcl-over-slf4j-2.0.18.jar	ec5c36d57d2dbe100f84878f944575cb7871da32c7a115b8d7e0721277045d67	https://repo1.maven.org/maven2/org/slf4j/jcl-over-slf4j/2.0.18/jcl-over-slf4j-2.0.18.jar	Publisher key unavailable during reviewed bootstrap; exact SHA-256 is required pending key recovery.	Green Harbor Labs maintainer	2026-09-22	Dependency, key, checksum, or source change
EX-187	org.slf4j	jcl-over-slf4j	2.0.18	jcl-over-slf4j-2.0.18.pom	869b2adce08e689721d1239ce4c10a7cd3be7daf89347b010996da7ee0d59bb9	https://repo1.maven.org/maven2/org/slf4j/jcl-over-slf4j/2.0.18/jcl-over-slf4j-2.0.18.pom	Publisher key unavailable during reviewed bootstrap; exact SHA-256 is required pending key recovery.	Green Harbor Labs maintainer	2026-09-22	Dependency, key, checksum, or source change
EX-188	org.slf4j	jul-to-slf4j	2.0.18	jul-to-slf4j-2.0.18.jar	cbb7d1aaaa9e871eb1a06594abd911bf97027152976edf1edc315be75239204e	https://repo1.maven.org/maven2/org/slf4j/jul-to-slf4j/2.0.18/jul-to-slf4j-2.0.18.jar	Publisher key unavailable during reviewed bootstrap; exact SHA-256 is required pending key recovery.	Green Harbor Labs maintainer	2026-09-22	Dependency, key, checksum, or source change
EX-189	org.slf4j	jul-to-slf4j	2.0.18	jul-to-slf4j-2.0.18.pom	eae8e0ffbd8b31fa8f8a610d62d387b4e10295ba74d0e14d66404560b74d8295	https://repo1.maven.org/maven2/org/slf4j/jul-to-slf4j/2.0.18/jul-to-slf4j-2.0.18.pom	Publisher key unavailable during reviewed bootstrap; exact SHA-256 is required pending key recovery.	Green Harbor Labs maintainer	2026-09-22	Dependency, key, checksum, or source change
EX-190	org.slf4j	slf4j-api	1.7.36	slf4j-api-1.7.36.pom	fb046a9c229437928bb11c2d27c8b5d773eb8a25e60cbd253d985210dedc2684	https://repo1.maven.org/maven2/org/slf4j/slf4j-api/1.7.36/slf4j-api-1.7.36.pom	Publisher key unavailable during reviewed bootstrap; exact SHA-256 is required pending key recovery.	Green Harbor Labs maintainer	2026-09-22	Dependency, key, checksum, or source change
EX-191	org.slf4j	slf4j-api	2.0.18	slf4j-api-2.0.18.jar	44508fd1576500688c790b190acdd16fec4f8c79a3e0b900afd70503cf055f55	https://repo1.maven.org/maven2/org/slf4j/slf4j-api/2.0.18/slf4j-api-2.0.18.jar	Publisher key unavailable during reviewed bootstrap; exact SHA-256 is required pending key recovery.	Green Harbor Labs maintainer	2026-09-22	Dependency, key, checksum, or source change
EX-192	org.slf4j	slf4j-api	2.0.18	slf4j-api-2.0.18.pom	6c2c7f2c02774cc2b7b619fbd2df7873cdad29718926e44754b87f70d1eb43cb	https://repo1.maven.org/maven2/org/slf4j/slf4j-api/2.0.18/slf4j-api-2.0.18.pom	Publisher key unavailable during reviewed bootstrap; exact SHA-256 is required pending key recovery.	Green Harbor Labs maintainer	2026-09-22	Dependency, key, checksum, or source change
EX-193	org.slf4j	slf4j-bom	2.0.18	slf4j-bom-2.0.18.pom	9219aab601575126c4e66e1331eb2b0c6c17a330ac4d5a07e3cd11d580a0c12d	https://repo1.maven.org/maven2/org/slf4j/slf4j-bom/2.0.18/slf4j-bom-2.0.18.pom	Publisher key unavailable during reviewed bootstrap; exact SHA-256 is required pending key recovery.	Green Harbor Labs maintainer	2026-09-22	Dependency, key, checksum, or source change
EX-194	org.slf4j	slf4j-parent	1.7.36	slf4j-parent-1.7.36.pom	bb388d37fbcdd3cde64c3cede21838693218dc451f04040c5df360a78ed7e812	https://repo1.maven.org/maven2/org/slf4j/slf4j-parent/1.7.36/slf4j-parent-1.7.36.pom	Publisher key unavailable during reviewed bootstrap; exact SHA-256 is required pending key recovery.	Green Harbor Labs maintainer	2026-09-22	Dependency, key, checksum, or source change
EX-195	org.slf4j	slf4j-parent	2.0.18	slf4j-parent-2.0.18.pom	0b3896bedad2c9ed9697edcbea1da0c54cd238a723583a81358a83bfb782e9fa	https://repo1.maven.org/maven2/org/slf4j/slf4j-parent/2.0.18/slf4j-parent-2.0.18.pom	Publisher key unavailable during reviewed bootstrap; exact SHA-256 is required pending key recovery.	Green Harbor Labs maintainer	2026-09-22	Dependency, key, checksum, or source change
EX-196	org.springframework	spring-aop	7.0.8	spring-aop-7.0.8.jar	1178f039e087884174e2affc46e484f4a8bd7f2a4e011d33dd9137709f740f80	https://repo1.maven.org/maven2/org/springframework/spring-aop/7.0.8/spring-aop-7.0.8.jar	Publisher key unavailable during reviewed bootstrap; exact SHA-256 is required pending key recovery.	Green Harbor Labs maintainer	2026-09-22	Dependency, key, checksum, or source change
EX-197	org.springframework	spring-aop	7.0.8	spring-aop-7.0.8.module	60475326b84c5a2b4b631bc4b734324d959bbcfe844e0ef13ee8365f1bae2cc5	https://repo1.maven.org/maven2/org/springframework/spring-aop/7.0.8/spring-aop-7.0.8.module	Publisher key unavailable during reviewed bootstrap; exact SHA-256 is required pending key recovery.	Green Harbor Labs maintainer	2026-09-22	Dependency, key, checksum, or source change
EX-198	org.springframework	spring-aop	7.0.8	spring-aop-7.0.8.pom	5d302a5690e104f868496d2ba9670718812d88cb297645f6baa2c26defb156b3	https://repo1.maven.org/maven2/org/springframework/spring-aop/7.0.8/spring-aop-7.0.8.pom	Publisher key unavailable during reviewed bootstrap; exact SHA-256 is required pending key recovery.	Green Harbor Labs maintainer	2026-09-22	Dependency, key, checksum, or source change
EX-199	org.springframework	spring-beans	7.0.8	spring-beans-7.0.8.jar	6ec2e361a8872a71d8b1ff66f1bcb8cfa29fcc437931998919da7cecfb59b45b	https://repo1.maven.org/maven2/org/springframework/spring-beans/7.0.8/spring-beans-7.0.8.jar	Publisher key unavailable during reviewed bootstrap; exact SHA-256 is required pending key recovery.	Green Harbor Labs maintainer	2026-09-22	Dependency, key, checksum, or source change
EX-200	org.springframework	spring-beans	7.0.8	spring-beans-7.0.8.module	2f85218e39e4528007a4cd9b10527a15f1599274ef08d1e7fbc2f62ac55f23e8	https://repo1.maven.org/maven2/org/springframework/spring-beans/7.0.8/spring-beans-7.0.8.module	Publisher key unavailable during reviewed bootstrap; exact SHA-256 is required pending key recovery.	Green Harbor Labs maintainer	2026-09-22	Dependency, key, checksum, or source change
EX-201	org.springframework	spring-beans	7.0.8	spring-beans-7.0.8.pom	1563720d19eee3d0d14082719ca05e13f0cf857cc2bc6fec98650683552ec9a7	https://repo1.maven.org/maven2/org/springframework/spring-beans/7.0.8/spring-beans-7.0.8.pom	Publisher key unavailable during reviewed bootstrap; exact SHA-256 is required pending key recovery.	Green Harbor Labs maintainer	2026-09-22	Dependency, key, checksum, or source change
EX-202	org.springframework	spring-context	7.0.8	spring-context-7.0.8.jar	1eb7d552414ebac00e30ab3e809138d810785f6d2c4271db77cdf0181f308f19	https://repo1.maven.org/maven2/org/springframework/spring-context/7.0.8/spring-context-7.0.8.jar	Publisher key unavailable during reviewed bootstrap; exact SHA-256 is required pending key recovery.	Green Harbor Labs maintainer	2026-09-22	Dependency, key, checksum, or source change
EX-203	org.springframework	spring-context	7.0.8	spring-context-7.0.8.module	cc6eb03beba7ddf77257da212b03106a8d9c3132aad52a1300faf62058cc023b	https://repo1.maven.org/maven2/org/springframework/spring-context/7.0.8/spring-context-7.0.8.module	Publisher key unavailable during reviewed bootstrap; exact SHA-256 is required pending key recovery.	Green Harbor Labs maintainer	2026-09-22	Dependency, key, checksum, or source change
EX-204	org.springframework	spring-context	7.0.8	spring-context-7.0.8.pom	aeeccaa073bb364d62a62bcd11e8c8e2c9461dd7ef34b019317da88b5e6c7a86	https://repo1.maven.org/maven2/org/springframework/spring-context/7.0.8/spring-context-7.0.8.pom	Publisher key unavailable during reviewed bootstrap; exact SHA-256 is required pending key recovery.	Green Harbor Labs maintainer	2026-09-22	Dependency, key, checksum, or source change
EX-205	org.springframework	spring-core	7.0.8	spring-core-7.0.8.jar	726ba2a5130833644bdf267a55ff26e1f52e8dcc9aa1ffa06904ca9c14619f25	https://repo1.maven.org/maven2/org/springframework/spring-core/7.0.8/spring-core-7.0.8.jar	Publisher key unavailable during reviewed bootstrap; exact SHA-256 is required pending key recovery.	Green Harbor Labs maintainer	2026-09-22	Dependency, key, checksum, or source change
EX-206	org.springframework	spring-core	7.0.8	spring-core-7.0.8.module	b02a369179ffe08470f130763ce8f918f80afa737a47d9e611106123d7001b96	https://repo1.maven.org/maven2/org/springframework/spring-core/7.0.8/spring-core-7.0.8.module	Publisher key unavailable during reviewed bootstrap; exact SHA-256 is required pending key recovery.	Green Harbor Labs maintainer	2026-09-22	Dependency, key, checksum, or source change
EX-207	org.springframework	spring-core	7.0.8	spring-core-7.0.8.pom	ae68a959f378b7fd52aef379d33d386195d71f052b7cf6b7afb9a243a5bd90bb	https://repo1.maven.org/maven2/org/springframework/spring-core/7.0.8/spring-core-7.0.8.pom	Publisher key unavailable during reviewed bootstrap; exact SHA-256 is required pending key recovery.	Green Harbor Labs maintainer	2026-09-22	Dependency, key, checksum, or source change
EX-208	org.springframework	spring-expression	7.0.8	spring-expression-7.0.8.jar	3c97c38ab59c77ee886e08ccf8096f6bb58a1245f68dfed7a40e93f41c435f9a	https://repo1.maven.org/maven2/org/springframework/spring-expression/7.0.8/spring-expression-7.0.8.jar	Publisher key unavailable during reviewed bootstrap; exact SHA-256 is required pending key recovery.	Green Harbor Labs maintainer	2026-09-22	Dependency, key, checksum, or source change
EX-209	org.springframework	spring-expression	7.0.8	spring-expression-7.0.8.module	9ea13f85c1055c12938ddb4c161aca0300383366059d5d360cb7cc058da1db6e	https://repo1.maven.org/maven2/org/springframework/spring-expression/7.0.8/spring-expression-7.0.8.module	Publisher key unavailable during reviewed bootstrap; exact SHA-256 is required pending key recovery.	Green Harbor Labs maintainer	2026-09-22	Dependency, key, checksum, or source change
EX-210	org.springframework	spring-expression	7.0.8	spring-expression-7.0.8.pom	425543228821d5f60da2837e4d78e21d76517f7fad326aece01c0b3c48eeff1d	https://repo1.maven.org/maven2/org/springframework/spring-expression/7.0.8/spring-expression-7.0.8.pom	Publisher key unavailable during reviewed bootstrap; exact SHA-256 is required pending key recovery.	Green Harbor Labs maintainer	2026-09-22	Dependency, key, checksum, or source change
EX-211	org.springframework	spring-framework-bom	5.3.39	spring-framework-bom-5.3.39.module	f88b40e2a50333b40b42f181eee272b75ec75dd8666cb145bd90b15b97e183e3	https://repo1.maven.org/maven2/org/springframework/spring-framework-bom/5.3.39/spring-framework-bom-5.3.39.module	Publisher key unavailable during reviewed bootstrap; exact SHA-256 is required pending key recovery.	Green Harbor Labs maintainer	2026-09-22	Dependency, key, checksum, or source change
EX-212	org.springframework	spring-framework-bom	5.3.39	spring-framework-bom-5.3.39.pom	f6d481093e75767cba1ac7e1db38f8f692cbe3e38744693371a75aeb21c6148b	https://repo1.maven.org/maven2/org/springframework/spring-framework-bom/5.3.39/spring-framework-bom-5.3.39.pom	Publisher key unavailable during reviewed bootstrap; exact SHA-256 is required pending key recovery.	Green Harbor Labs maintainer	2026-09-22	Dependency, key, checksum, or source change
EX-213	org.springframework	spring-framework-bom	7.0.8	spring-framework-bom-7.0.8.module	08193154ee084f1fe6ff06a1982b9edc27fcc2697b62a304ce33ccfc31b5147b	https://repo1.maven.org/maven2/org/springframework/spring-framework-bom/7.0.8/spring-framework-bom-7.0.8.module	Publisher key unavailable during reviewed bootstrap; exact SHA-256 is required pending key recovery.	Green Harbor Labs maintainer	2026-09-22	Dependency, key, checksum, or source change
EX-214	org.springframework	spring-framework-bom	7.0.8	spring-framework-bom-7.0.8.pom	d1b6970d57b112777d436fb9605d88a1d3e6f68eaef39875c4c22730ba557462	https://repo1.maven.org/maven2/org/springframework/spring-framework-bom/7.0.8/spring-framework-bom-7.0.8.pom	Publisher key unavailable during reviewed bootstrap; exact SHA-256 is required pending key recovery.	Green Harbor Labs maintainer	2026-09-22	Dependency, key, checksum, or source change
EX-215	org.springframework	spring-test	7.0.8	spring-test-7.0.8.jar	6ffb7796075a204915edc4bb9e54dc420183cecb520d753004f660f153763c8e	https://repo1.maven.org/maven2/org/springframework/spring-test/7.0.8/spring-test-7.0.8.jar	Publisher key unavailable during reviewed bootstrap; exact SHA-256 is required pending key recovery.	Green Harbor Labs maintainer	2026-09-22	Dependency, key, checksum, or source change
EX-216	org.springframework	spring-test	7.0.8	spring-test-7.0.8.module	a5cce0ac7cdf67eb5dcc65e127211b00dec4c5361309086b8e4c381afa25e3ad	https://repo1.maven.org/maven2/org/springframework/spring-test/7.0.8/spring-test-7.0.8.module	Publisher key unavailable during reviewed bootstrap; exact SHA-256 is required pending key recovery.	Green Harbor Labs maintainer	2026-09-22	Dependency, key, checksum, or source change
EX-217	org.springframework	spring-test	7.0.8	spring-test-7.0.8.pom	56067a36e80565a899578c3cf852446d280ddb890e953c9739be225f7fd449cc	https://repo1.maven.org/maven2/org/springframework/spring-test/7.0.8/spring-test-7.0.8.pom	Publisher key unavailable during reviewed bootstrap; exact SHA-256 is required pending key recovery.	Green Harbor Labs maintainer	2026-09-22	Dependency, key, checksum, or source change
EX-218	org.springframework	spring-web	7.0.8	spring-web-7.0.8.jar	4d4ed7ecb0453d25d735ea27d025ea36b003c3d29cb7d006bedd6d5188a2f5c0	https://repo1.maven.org/maven2/org/springframework/spring-web/7.0.8/spring-web-7.0.8.jar	Publisher key unavailable during reviewed bootstrap; exact SHA-256 is required pending key recovery.	Green Harbor Labs maintainer	2026-09-22	Dependency, key, checksum, or source change
EX-219	org.springframework	spring-web	7.0.8	spring-web-7.0.8.module	1114ef16f9a6b5585154bba488e0861776440f95fcf74dc1a9571cde686bfa1d	https://repo1.maven.org/maven2/org/springframework/spring-web/7.0.8/spring-web-7.0.8.module	Publisher key unavailable during reviewed bootstrap; exact SHA-256 is required pending key recovery.	Green Harbor Labs maintainer	2026-09-22	Dependency, key, checksum, or source change
EX-220	org.springframework	spring-web	7.0.8	spring-web-7.0.8.pom	8df8950b894176dbeaa76da6a63212785e093427750b7c1e5aac8ec9fe266309	https://repo1.maven.org/maven2/org/springframework/spring-web/7.0.8/spring-web-7.0.8.pom	Publisher key unavailable during reviewed bootstrap; exact SHA-256 is required pending key recovery.	Green Harbor Labs maintainer	2026-09-22	Dependency, key, checksum, or source change
EX-221	org.springframework	spring-webmvc	7.0.8	spring-webmvc-7.0.8.jar	48f7e1e2d0d46e98ed3fa30d5a64cb1f7ed2aa339a82edcd87289ed8ff216f04	https://repo1.maven.org/maven2/org/springframework/spring-webmvc/7.0.8/spring-webmvc-7.0.8.jar	Publisher key unavailable during reviewed bootstrap; exact SHA-256 is required pending key recovery.	Green Harbor Labs maintainer	2026-09-22	Dependency, key, checksum, or source change
EX-222	org.springframework	spring-webmvc	7.0.8	spring-webmvc-7.0.8.module	fabbab9d8e6e1f4f1052ee6cfa512e7874ffecdee1a74daa4590428503a2a371	https://repo1.maven.org/maven2/org/springframework/spring-webmvc/7.0.8/spring-webmvc-7.0.8.module	Publisher key unavailable during reviewed bootstrap; exact SHA-256 is required pending key recovery.	Green Harbor Labs maintainer	2026-09-22	Dependency, key, checksum, or source change
EX-223	org.springframework	spring-webmvc	7.0.8	spring-webmvc-7.0.8.pom	8e24bb2017fd68e677d3202cf32658054c9d93eb0a45ca5c043cbe5b8339fdb7	https://repo1.maven.org/maven2/org/springframework/spring-webmvc/7.0.8/spring-webmvc-7.0.8.pom	Publisher key unavailable during reviewed bootstrap; exact SHA-256 is required pending key recovery.	Green Harbor Labs maintainer	2026-09-22	Dependency, key, checksum, or source change
EX-224	org.springframework.amqp	spring-amqp-bom	4.0.4	spring-amqp-bom-4.0.4.module	cd38aeeaf002ffa1ca10ce3d23b82db30ac2099df3d7f9f4399bd28807076850	https://repo1.maven.org/maven2/org/springframework/amqp/spring-amqp-bom/4.0.4/spring-amqp-bom-4.0.4.module	Publisher key unavailable during reviewed bootstrap; exact SHA-256 is required pending key recovery.	Green Harbor Labs maintainer	2026-09-22	Dependency, key, checksum, or source change
EX-225	org.springframework.amqp	spring-amqp-bom	4.0.4	spring-amqp-bom-4.0.4.pom	389246b2c723f2ec8d5c4f2d366c7968b360208ef00bd00e243ce692eca77db9	https://repo1.maven.org/maven2/org/springframework/amqp/spring-amqp-bom/4.0.4/spring-amqp-bom-4.0.4.pom	Publisher key unavailable during reviewed bootstrap; exact SHA-256 is required pending key recovery.	Green Harbor Labs maintainer	2026-09-22	Dependency, key, checksum, or source change
EX-226	org.springframework.batch	spring-batch-bom	6.0.4	spring-batch-bom-6.0.4.pom	1d3ea7f2995e349ce55490e7d4b8fd897fa61dddfb305ccc94944cb1ed7598d9	https://repo1.maven.org/maven2/org/springframework/batch/spring-batch-bom/6.0.4/spring-batch-bom-6.0.4.pom	Publisher key unavailable during reviewed bootstrap; exact SHA-256 is required pending key recovery.	Green Harbor Labs maintainer	2026-09-22	Dependency, key, checksum, or source change
EX-227	org.springframework.boot	spring-boot	4.0.7	spring-boot-4.0.7.jar	edb984d0bc80d209bed271e6d334fbfbfcf11cc4c1ef5059adc31c5bde7b1d7c	https://repo1.maven.org/maven2/org/springframework/boot/spring-boot/4.0.7/spring-boot-4.0.7.jar	Publisher key unavailable during reviewed bootstrap; exact SHA-256 is required pending key recovery.	Green Harbor Labs maintainer	2026-09-22	Dependency, key, checksum, or source change
EX-228	org.springframework.boot	spring-boot	4.0.7	spring-boot-4.0.7.module	01f2c53829a4c8051dc29c3bd6f33a8c8ffa177926f88d8b0f3b5738720e90ad	https://repo1.maven.org/maven2/org/springframework/boot/spring-boot/4.0.7/spring-boot-4.0.7.module	Publisher key unavailable during reviewed bootstrap; exact SHA-256 is required pending key recovery.	Green Harbor Labs maintainer	2026-09-22	Dependency, key, checksum, or source change
EX-229	org.springframework.boot	spring-boot	4.0.7	spring-boot-4.0.7.pom	b951b30ce79663d45aa969807a264b882a33c0873725b622f6a53b57f1088237	https://repo1.maven.org/maven2/org/springframework/boot/spring-boot/4.0.7/spring-boot-4.0.7.pom	Publisher key unavailable during reviewed bootstrap; exact SHA-256 is required pending key recovery.	Green Harbor Labs maintainer	2026-09-22	Dependency, key, checksum, or source change
EX-230	org.springframework.boot	spring-boot-actuator	4.0.7	spring-boot-actuator-4.0.7.jar	edfedbcc5d33c8b0a8d0156dcc8cbf6234a33dc861001c7ec8ef63af19197b7e	https://repo1.maven.org/maven2/org/springframework/boot/spring-boot-actuator/4.0.7/spring-boot-actuator-4.0.7.jar	Publisher key unavailable during reviewed bootstrap; exact SHA-256 is required pending key recovery.	Green Harbor Labs maintainer	2026-09-22	Dependency, key, checksum, or source change
EX-231	org.springframework.boot	spring-boot-actuator	4.0.7	spring-boot-actuator-4.0.7.module	9fb2c889ddc3a5c891ac5e799ed07fb6d183311435adf9d7ebf008661f07d917	https://repo1.maven.org/maven2/org/springframework/boot/spring-boot-actuator/4.0.7/spring-boot-actuator-4.0.7.module	Publisher key unavailable during reviewed bootstrap; exact SHA-256 is required pending key recovery.	Green Harbor Labs maintainer	2026-09-22	Dependency, key, checksum, or source change
EX-232	org.springframework.boot	spring-boot-actuator	4.0.7	spring-boot-actuator-4.0.7.pom	8d5783cf19802d739df5f3a3531114271e7bc6fce0d0af38eced943fab9fd354	https://repo1.maven.org/maven2/org/springframework/boot/spring-boot-actuator/4.0.7/spring-boot-actuator-4.0.7.pom	Publisher key unavailable during reviewed bootstrap; exact SHA-256 is required pending key recovery.	Green Harbor Labs maintainer	2026-09-22	Dependency, key, checksum, or source change
EX-233	org.springframework.boot	spring-boot-actuator-autoconfigure	4.0.7	spring-boot-actuator-autoconfigure-4.0.7.jar	59b188a313fda88bbe6cba613dd13aa00d1cc49135b11120ae5d451f72d49c00	https://repo1.maven.org/maven2/org/springframework/boot/spring-boot-actuator-autoconfigure/4.0.7/spring-boot-actuator-autoconfigure-4.0.7.jar	Publisher key unavailable during reviewed bootstrap; exact SHA-256 is required pending key recovery.	Green Harbor Labs maintainer	2026-09-22	Dependency, key, checksum, or source change
EX-234	org.springframework.boot	spring-boot-actuator-autoconfigure	4.0.7	spring-boot-actuator-autoconfigure-4.0.7.module	b8d269b93e24a78752ab083974635df58082cb3a3ae88160d73d2e4bfadb3ba9	https://repo1.maven.org/maven2/org/springframework/boot/spring-boot-actuator-autoconfigure/4.0.7/spring-boot-actuator-autoconfigure-4.0.7.module	Publisher key unavailable during reviewed bootstrap; exact SHA-256 is required pending key recovery.	Green Harbor Labs maintainer	2026-09-22	Dependency, key, checksum, or source change
EX-235	org.springframework.boot	spring-boot-actuator-autoconfigure	4.0.7	spring-boot-actuator-autoconfigure-4.0.7.pom	a49e0bcc53ebb4c570ddccf6cbaaf55020c72e0565bb8c2aea072e6b39f9a68e	https://repo1.maven.org/maven2/org/springframework/boot/spring-boot-actuator-autoconfigure/4.0.7/spring-boot-actuator-autoconfigure-4.0.7.pom	Publisher key unavailable during reviewed bootstrap; exact SHA-256 is required pending key recovery.	Green Harbor Labs maintainer	2026-09-22	Dependency, key, checksum, or source change
EX-236	org.springframework.boot	spring-boot-autoconfigure	4.0.7	spring-boot-autoconfigure-4.0.7.jar	1e8a953294fe76727965970de31e3bb08fba2b65e3ca0ee9b8bca492d0818d10	https://repo1.maven.org/maven2/org/springframework/boot/spring-boot-autoconfigure/4.0.7/spring-boot-autoconfigure-4.0.7.jar	Publisher key unavailable during reviewed bootstrap; exact SHA-256 is required pending key recovery.	Green Harbor Labs maintainer	2026-09-22	Dependency, key, checksum, or source change
EX-237	org.springframework.boot	spring-boot-autoconfigure	4.0.7	spring-boot-autoconfigure-4.0.7.module	9d422f9d8b7a7c225ab2abacae227f063e6b465568212be78eb4b4cdb7226c8e	https://repo1.maven.org/maven2/org/springframework/boot/spring-boot-autoconfigure/4.0.7/spring-boot-autoconfigure-4.0.7.module	Publisher key unavailable during reviewed bootstrap; exact SHA-256 is required pending key recovery.	Green Harbor Labs maintainer	2026-09-22	Dependency, key, checksum, or source change
EX-238	org.springframework.boot	spring-boot-autoconfigure	4.0.7	spring-boot-autoconfigure-4.0.7.pom	fcfa42220bf041eb798cca88b32620c64b44727ea245a8cd004b4abd1ed754f3	https://repo1.maven.org/maven2/org/springframework/boot/spring-boot-autoconfigure/4.0.7/spring-boot-autoconfigure-4.0.7.pom	Publisher key unavailable during reviewed bootstrap; exact SHA-256 is required pending key recovery.	Green Harbor Labs maintainer	2026-09-22	Dependency, key, checksum, or source change
EX-239	org.springframework.boot	spring-boot-buildpack-platform	4.0.7	spring-boot-buildpack-platform-4.0.7.jar	bc3e563c5c72092ba6447cad5277aabe3d3f4358c50fc0904fc7c4878bd05e62	https://repo1.maven.org/maven2/org/springframework/boot/spring-boot-buildpack-platform/4.0.7/spring-boot-buildpack-platform-4.0.7.jar	Publisher key unavailable during reviewed bootstrap; exact SHA-256 is required pending key recovery.	Green Harbor Labs maintainer	2026-09-22	Dependency, key, checksum, or source change
EX-240	org.springframework.boot	spring-boot-buildpack-platform	4.0.7	spring-boot-buildpack-platform-4.0.7.module	3d0e142db01bce5e14125474d43d22b7745395c56b388cb74428d861f29d0493	https://repo1.maven.org/maven2/org/springframework/boot/spring-boot-buildpack-platform/4.0.7/spring-boot-buildpack-platform-4.0.7.module	Publisher key unavailable during reviewed bootstrap; exact SHA-256 is required pending key recovery.	Green Harbor Labs maintainer	2026-09-22	Dependency, key, checksum, or source change
EX-241	org.springframework.boot	spring-boot-configuration-processor	4.0.7	spring-boot-configuration-processor-4.0.7.jar	bf0048012c1196c10ae864e90aa83ce02f672b61b2fa211d78cd6736fc601f1e	https://repo1.maven.org/maven2/org/springframework/boot/spring-boot-configuration-processor/4.0.7/spring-boot-configuration-processor-4.0.7.jar	Publisher key unavailable during reviewed bootstrap; exact SHA-256 is required pending key recovery.	Green Harbor Labs maintainer	2026-09-22	Dependency, key, checksum, or source change
EX-242	org.springframework.boot	spring-boot-configuration-processor	4.0.7	spring-boot-configuration-processor-4.0.7.module	66fe1054a802cb6b965ad32cdf23ea2b94ff5fe97009b59f4a03dd5554e02e80	https://repo1.maven.org/maven2/org/springframework/boot/spring-boot-configuration-processor/4.0.7/spring-boot-configuration-processor-4.0.7.module	Publisher key unavailable during reviewed bootstrap; exact SHA-256 is required pending key recovery.	Green Harbor Labs maintainer	2026-09-22	Dependency, key, checksum, or source change
EX-243	org.springframework.boot	spring-boot-configuration-processor	4.0.7	spring-boot-configuration-processor-4.0.7.pom	eb2e015927f95ec373a423dc8293bf9543c7b59fef873a05ac90780d5e0c9147	https://repo1.maven.org/maven2/org/springframework/boot/spring-boot-configuration-processor/4.0.7/spring-boot-configuration-processor-4.0.7.pom	Publisher key unavailable during reviewed bootstrap; exact SHA-256 is required pending key recovery.	Green Harbor Labs maintainer	2026-09-22	Dependency, key, checksum, or source change
EX-244	org.springframework.boot	spring-boot-dependencies	4.0.7	spring-boot-dependencies-4.0.7.pom	69d399e0547ca3b54bcf64e1bef609073eb95075acd956ea0a93e8a1f3f595a1	https://repo1.maven.org/maven2/org/springframework/boot/spring-boot-dependencies/4.0.7/spring-boot-dependencies-4.0.7.pom	Publisher key unavailable during reviewed bootstrap; exact SHA-256 is required pending key recovery.	Green Harbor Labs maintainer	2026-09-22	Dependency, key, checksum, or source change
EX-245	org.springframework.boot	spring-boot-gradle-plugin	4.0.7	spring-boot-gradle-plugin-4.0.7.jar	c199fe8cf41f7a79d60885ff0283eaf4dbd2b3afd752ca70cf2f4eddfd866b43	https://repo1.maven.org/maven2/org/springframework/boot/spring-boot-gradle-plugin/4.0.7/spring-boot-gradle-plugin-4.0.7.jar	Publisher key unavailable during reviewed bootstrap; exact SHA-256 is required pending key recovery.	Green Harbor Labs maintainer	2026-09-22	Dependency, key, checksum, or source change
EX-246	org.springframework.boot	spring-boot-gradle-plugin	4.0.7	spring-boot-gradle-plugin-4.0.7.module	662fbee0414c11c047314a0435579bc8dbcb06c1cc066ad6f701eb877a7e59d3	https://repo1.maven.org/maven2/org/springframework/boot/spring-boot-gradle-plugin/4.0.7/spring-boot-gradle-plugin-4.0.7.module	Publisher key unavailable during reviewed bootstrap; exact SHA-256 is required pending key recovery.	Green Harbor Labs maintainer	2026-09-22	Dependency, key, checksum, or source change
EX-247	org.springframework.boot	spring-boot-health	4.0.7	spring-boot-health-4.0.7.jar	e1c81e0e8d89ba7d25a3522d52159a4bcfa9bf7ee4e0d53cef61244e75a244bb	https://repo1.maven.org/maven2/org/springframework/boot/spring-boot-health/4.0.7/spring-boot-health-4.0.7.jar	Publisher key unavailable during reviewed bootstrap; exact SHA-256 is required pending key recovery.	Green Harbor Labs maintainer	2026-09-22	Dependency, key, checksum, or source change
EX-248	org.springframework.boot	spring-boot-health	4.0.7	spring-boot-health-4.0.7.module	eafec7da7993006e59bda58cf6a1ff18c5bcc94b8462645c7d63770b6db1f886	https://repo1.maven.org/maven2/org/springframework/boot/spring-boot-health/4.0.7/spring-boot-health-4.0.7.module	Publisher key unavailable during reviewed bootstrap; exact SHA-256 is required pending key recovery.	Green Harbor Labs maintainer	2026-09-22	Dependency, key, checksum, or source change
EX-249	org.springframework.boot	spring-boot-health	4.0.7	spring-boot-health-4.0.7.pom	b68bf16f10a99b4d7880e2796989c33b3c89a9561a84e7d715cafb2b6d64c91f	https://repo1.maven.org/maven2/org/springframework/boot/spring-boot-health/4.0.7/spring-boot-health-4.0.7.pom	Publisher key unavailable during reviewed bootstrap; exact SHA-256 is required pending key recovery.	Green Harbor Labs maintainer	2026-09-22	Dependency, key, checksum, or source change
EX-250	org.springframework.boot	spring-boot-http-converter	4.0.7	spring-boot-http-converter-4.0.7.jar	9f620c36cb98103ef664a9fccad4173ae20120d1abc790b795130be4e02dbb90	https://repo1.maven.org/maven2/org/springframework/boot/spring-boot-http-converter/4.0.7/spring-boot-http-converter-4.0.7.jar	Publisher key unavailable during reviewed bootstrap; exact SHA-256 is required pending key recovery.	Green Harbor Labs maintainer	2026-09-22	Dependency, key, checksum, or source change
EX-251	org.springframework.boot	spring-boot-http-converter	4.0.7	spring-boot-http-converter-4.0.7.module	c2e4880b12800f82d1259103db00e50f70d46394fc970127c54a2a297fad7786	https://repo1.maven.org/maven2/org/springframework/boot/spring-boot-http-converter/4.0.7/spring-boot-http-converter-4.0.7.module	Publisher key unavailable during reviewed bootstrap; exact SHA-256 is required pending key recovery.	Green Harbor Labs maintainer	2026-09-22	Dependency, key, checksum, or source change
EX-252	org.springframework.boot	spring-boot-http-converter	4.0.7	spring-boot-http-converter-4.0.7.pom	1c3cb2a59840e5919b4c7d5dbff37315ce86de09f6e7053208ac9279e7271bfd	https://repo1.maven.org/maven2/org/springframework/boot/spring-boot-http-converter/4.0.7/spring-boot-http-converter-4.0.7.pom	Publisher key unavailable during reviewed bootstrap; exact SHA-256 is required pending key recovery.	Green Harbor Labs maintainer	2026-09-22	Dependency, key, checksum, or source change
EX-253	org.springframework.boot	spring-boot-jackson	4.0.7	spring-boot-jackson-4.0.7.jar	0cdbadd10bcc3b23d32dffd419caceda4a4ed6b3da0262617f543732e9105ece	https://repo1.maven.org/maven2/org/springframework/boot/spring-boot-jackson/4.0.7/spring-boot-jackson-4.0.7.jar	Publisher key unavailable during reviewed bootstrap; exact SHA-256 is required pending key recovery.	Green Harbor Labs maintainer	2026-09-22	Dependency, key, checksum, or source change
EX-254	org.springframework.boot	spring-boot-jackson	4.0.7	spring-boot-jackson-4.0.7.module	55b09da5542281c9b72f4d433af8c72d64516d35bed89b84f8e7dbc7bc45ae7e	https://repo1.maven.org/maven2/org/springframework/boot/spring-boot-jackson/4.0.7/spring-boot-jackson-4.0.7.module	Publisher key unavailable during reviewed bootstrap; exact SHA-256 is required pending key recovery.	Green Harbor Labs maintainer	2026-09-22	Dependency, key, checksum, or source change
EX-255	org.springframework.boot	spring-boot-jackson	4.0.7	spring-boot-jackson-4.0.7.pom	a922d0a5f5c0ea59d19ae3e544c14083b80b2dc60c45f0b25f999ac6a8e823e3	https://repo1.maven.org/maven2/org/springframework/boot/spring-boot-jackson/4.0.7/spring-boot-jackson-4.0.7.pom	Publisher key unavailable during reviewed bootstrap; exact SHA-256 is required pending key recovery.	Green Harbor Labs maintainer	2026-09-22	Dependency, key, checksum, or source change
EX-256	org.springframework.boot	spring-boot-loader-tools	4.0.7	spring-boot-loader-tools-4.0.7.jar	e2892810273cd2c53c360c7cc5799ac9f62224720f8e723af6d06febba88dfc2	https://repo1.maven.org/maven2/org/springframework/boot/spring-boot-loader-tools/4.0.7/spring-boot-loader-tools-4.0.7.jar	Publisher key unavailable during reviewed bootstrap; exact SHA-256 is required pending key recovery.	Green Harbor Labs maintainer	2026-09-22	Dependency, key, checksum, or source change
EX-257	org.springframework.boot	spring-boot-loader-tools	4.0.7	spring-boot-loader-tools-4.0.7.module	46c53fea57625d011dee6328e5ea3125ace91290947350828765527ac2db3287	https://repo1.maven.org/maven2/org/springframework/boot/spring-boot-loader-tools/4.0.7/spring-boot-loader-tools-4.0.7.module	Publisher key unavailable during reviewed bootstrap; exact SHA-256 is required pending key recovery.	Green Harbor Labs maintainer	2026-09-22	Dependency, key, checksum, or source change
EX-258	org.springframework.boot	spring-boot-micrometer-metrics	4.0.7	spring-boot-micrometer-metrics-4.0.7.jar	1cd20b112104d244fdc96b44b3a8193e0916686a819a6be93127c1c7eefc1c9d	https://repo1.maven.org/maven2/org/springframework/boot/spring-boot-micrometer-metrics/4.0.7/spring-boot-micrometer-metrics-4.0.7.jar	Publisher key unavailable during reviewed bootstrap; exact SHA-256 is required pending key recovery.	Green Harbor Labs maintainer	2026-09-22	Dependency, key, checksum, or source change
EX-259	org.springframework.boot	spring-boot-micrometer-metrics	4.0.7	spring-boot-micrometer-metrics-4.0.7.module	cf4a84abe99616e5a55ddf65db1a6f6e2ca6248dee86c125cd530bc35aed5d45	https://repo1.maven.org/maven2/org/springframework/boot/spring-boot-micrometer-metrics/4.0.7/spring-boot-micrometer-metrics-4.0.7.module	Publisher key unavailable during reviewed bootstrap; exact SHA-256 is required pending key recovery.	Green Harbor Labs maintainer	2026-09-22	Dependency, key, checksum, or source change
EX-260	org.springframework.boot	spring-boot-micrometer-metrics	4.0.7	spring-boot-micrometer-metrics-4.0.7.pom	bd864c82adbe202c7678925b608d7ade3f2f94d0a609e13ce60cc0c4dfddecde	https://repo1.maven.org/maven2/org/springframework/boot/spring-boot-micrometer-metrics/4.0.7/spring-boot-micrometer-metrics-4.0.7.pom	Publisher key unavailable during reviewed bootstrap; exact SHA-256 is required pending key recovery.	Green Harbor Labs maintainer	2026-09-22	Dependency, key, checksum, or source change
EX-261	org.springframework.boot	spring-boot-micrometer-observation	4.0.7	spring-boot-micrometer-observation-4.0.7.jar	aced85ab6f7a2a8b15d8bd52c2b75dfe47c9890dc08d39e24b2e7b78f79b6ac2	https://repo1.maven.org/maven2/org/springframework/boot/spring-boot-micrometer-observation/4.0.7/spring-boot-micrometer-observation-4.0.7.jar	Publisher key unavailable during reviewed bootstrap; exact SHA-256 is required pending key recovery.	Green Harbor Labs maintainer	2026-09-22	Dependency, key, checksum, or source change
EX-262	org.springframework.boot	spring-boot-micrometer-observation	4.0.7	spring-boot-micrometer-observation-4.0.7.module	e5f8656f85aaea35e29562ca6f1ac49a78861fab2dd076c91a7f75db1c72cd1d	https://repo1.maven.org/maven2/org/springframework/boot/spring-boot-micrometer-observation/4.0.7/spring-boot-micrometer-observation-4.0.7.module	Publisher key unavailable during reviewed bootstrap; exact SHA-256 is required pending key recovery.	Green Harbor Labs maintainer	2026-09-22	Dependency, key, checksum, or source change
EX-263	org.springframework.boot	spring-boot-micrometer-observation	4.0.7	spring-boot-micrometer-observation-4.0.7.pom	408495d3ed96555ab285c46866dc577b30405888df6e49c77faeebeec3abb512	https://repo1.maven.org/maven2/org/springframework/boot/spring-boot-micrometer-observation/4.0.7/spring-boot-micrometer-observation-4.0.7.pom	Publisher key unavailable during reviewed bootstrap; exact SHA-256 is required pending key recovery.	Green Harbor Labs maintainer	2026-09-22	Dependency, key, checksum, or source change
EX-264	org.springframework.boot	spring-boot-resttestclient	4.0.7	spring-boot-resttestclient-4.0.7.jar	976fada4921b1817e1ced3c0da93a709d85638b519a9e63c3075e76c1e3c0593	https://repo1.maven.org/maven2/org/springframework/boot/spring-boot-resttestclient/4.0.7/spring-boot-resttestclient-4.0.7.jar	Publisher key unavailable during reviewed bootstrap; exact SHA-256 is required pending key recovery.	Green Harbor Labs maintainer	2026-09-22	Dependency, key, checksum, or source change
EX-265	org.springframework.boot	spring-boot-resttestclient	4.0.7	spring-boot-resttestclient-4.0.7.module	8ee30ecb96863a5864900cb3660eafa5f74780e91a281e901ead339d44a81be1	https://repo1.maven.org/maven2/org/springframework/boot/spring-boot-resttestclient/4.0.7/spring-boot-resttestclient-4.0.7.module	Publisher key unavailable during reviewed bootstrap; exact SHA-256 is required pending key recovery.	Green Harbor Labs maintainer	2026-09-22	Dependency, key, checksum, or source change
EX-266	org.springframework.boot	spring-boot-resttestclient	4.0.7	spring-boot-resttestclient-4.0.7.pom	6cfa43881dc4e45a7b89233a59ad63dd0151d50731076713739efa84a501e6e7	https://repo1.maven.org/maven2/org/springframework/boot/spring-boot-resttestclient/4.0.7/spring-boot-resttestclient-4.0.7.pom	Publisher key unavailable during reviewed bootstrap; exact SHA-256 is required pending key recovery.	Green Harbor Labs maintainer	2026-09-22	Dependency, key, checksum, or source change
EX-267	org.springframework.boot	spring-boot-security	4.0.7	spring-boot-security-4.0.7.jar	fef4d4952d7c4f86112d4a27cb98cf1d71001373f9d8f88fbf0af9d908fdaa3c	https://repo1.maven.org/maven2/org/springframework/boot/spring-boot-security/4.0.7/spring-boot-security-4.0.7.jar	Publisher key unavailable during reviewed bootstrap; exact SHA-256 is required pending key recovery.	Green Harbor Labs maintainer	2026-09-22	Dependency, key, checksum, or source change
EX-268	org.springframework.boot	spring-boot-security	4.0.7	spring-boot-security-4.0.7.module	174c7377949b450113b8e54e06f89e54487f082e602dae7e5a6242a7ceaae2ab	https://repo1.maven.org/maven2/org/springframework/boot/spring-boot-security/4.0.7/spring-boot-security-4.0.7.module	Publisher key unavailable during reviewed bootstrap; exact SHA-256 is required pending key recovery.	Green Harbor Labs maintainer	2026-09-22	Dependency, key, checksum, or source change
EX-269	org.springframework.boot	spring-boot-security	4.0.7	spring-boot-security-4.0.7.pom	307548e68322e2cc71bcf2d2dd3486d1b165e6a3d0481d4d16f4f64dbeb7ba63	https://repo1.maven.org/maven2/org/springframework/boot/spring-boot-security/4.0.7/spring-boot-security-4.0.7.pom	Publisher key unavailable during reviewed bootstrap; exact SHA-256 is required pending key recovery.	Green Harbor Labs maintainer	2026-09-22	Dependency, key, checksum, or source change
EX-270	org.springframework.boot	spring-boot-servlet	4.0.7	spring-boot-servlet-4.0.7.jar	fb1af769617daa2808a82921d98ca94efde8cb20fcefc55e71b2e0bf93de1423	https://repo1.maven.org/maven2/org/springframework/boot/spring-boot-servlet/4.0.7/spring-boot-servlet-4.0.7.jar	Publisher key unavailable during reviewed bootstrap; exact SHA-256 is required pending key recovery.	Green Harbor Labs maintainer	2026-09-22	Dependency, key, checksum, or source change
EX-271	org.springframework.boot	spring-boot-servlet	4.0.7	spring-boot-servlet-4.0.7.module	36755bd2ebe8d3bd9caf9ff993e68d3007ebad37cf970926d63b3bb283c4df4f	https://repo1.maven.org/maven2/org/springframework/boot/spring-boot-servlet/4.0.7/spring-boot-servlet-4.0.7.module	Publisher key unavailable during reviewed bootstrap; exact SHA-256 is required pending key recovery.	Green Harbor Labs maintainer	2026-09-22	Dependency, key, checksum, or source change
EX-272	org.springframework.boot	spring-boot-servlet	4.0.7	spring-boot-servlet-4.0.7.pom	d1a037e8ddadb2c9dc749eac91e93d5118a9d05ff7a224003e90a3a246b83892	https://repo1.maven.org/maven2/org/springframework/boot/spring-boot-servlet/4.0.7/spring-boot-servlet-4.0.7.pom	Publisher key unavailable during reviewed bootstrap; exact SHA-256 is required pending key recovery.	Green Harbor Labs maintainer	2026-09-22	Dependency, key, checksum, or source change
EX-273	org.springframework.boot	spring-boot-starter	4.0.7	spring-boot-starter-4.0.7.jar	d70f5f300c9e7af18813799bffce38974398f6429c578c825822a32560c4b202	https://repo1.maven.org/maven2/org/springframework/boot/spring-boot-starter/4.0.7/spring-boot-starter-4.0.7.jar	Publisher key unavailable during reviewed bootstrap; exact SHA-256 is required pending key recovery.	Green Harbor Labs maintainer	2026-09-22	Dependency, key, checksum, or source change
EX-274	org.springframework.boot	spring-boot-starter	4.0.7	spring-boot-starter-4.0.7.module	538300a50b64c4c218429cce009f1e9dd56814c620caedc92cf947fd599823c7	https://repo1.maven.org/maven2/org/springframework/boot/spring-boot-starter/4.0.7/spring-boot-starter-4.0.7.module	Publisher key unavailable during reviewed bootstrap; exact SHA-256 is required pending key recovery.	Green Harbor Labs maintainer	2026-09-22	Dependency, key, checksum, or source change
EX-275	org.springframework.boot	spring-boot-starter	4.0.7	spring-boot-starter-4.0.7.pom	f5d8e216668359980c0d7fe29ccdd630ff427ae5a1adf310b7a3f4be6f52e93c	https://repo1.maven.org/maven2/org/springframework/boot/spring-boot-starter/4.0.7/spring-boot-starter-4.0.7.pom	Publisher key unavailable during reviewed bootstrap; exact SHA-256 is required pending key recovery.	Green Harbor Labs maintainer	2026-09-22	Dependency, key, checksum, or source change
EX-276	org.springframework.boot	spring-boot-starter-actuator	4.0.7	spring-boot-starter-actuator-4.0.7.jar	576d445c6d0b7920f098822f45d74c2239f363d06508f8acf2a181f0b69c2cb9	https://repo1.maven.org/maven2/org/springframework/boot/spring-boot-starter-actuator/4.0.7/spring-boot-starter-actuator-4.0.7.jar	Publisher key unavailable during reviewed bootstrap; exact SHA-256 is required pending key recovery.	Green Harbor Labs maintainer	2026-09-22	Dependency, key, checksum, or source change
EX-277	org.springframework.boot	spring-boot-starter-actuator	4.0.7	spring-boot-starter-actuator-4.0.7.module	990aa7738a297322125fae7818e74b940a5e056c6a96539983c38546274f7efd	https://repo1.maven.org/maven2/org/springframework/boot/spring-boot-starter-actuator/4.0.7/spring-boot-starter-actuator-4.0.7.module	Publisher key unavailable during reviewed bootstrap; exact SHA-256 is required pending key recovery.	Green Harbor Labs maintainer	2026-09-22	Dependency, key, checksum, or source change
EX-278	org.springframework.boot	spring-boot-starter-actuator	4.0.7	spring-boot-starter-actuator-4.0.7.pom	4a9ddfd755ca44beca3b90d65fb285855d0747d8aecaf5875d6286a9b115b433	https://repo1.maven.org/maven2/org/springframework/boot/spring-boot-starter-actuator/4.0.7/spring-boot-starter-actuator-4.0.7.pom	Publisher key unavailable during reviewed bootstrap; exact SHA-256 is required pending key recovery.	Green Harbor Labs maintainer	2026-09-22	Dependency, key, checksum, or source change
EX-279	org.springframework.boot	spring-boot-starter-jackson	4.0.7	spring-boot-starter-jackson-4.0.7.jar	bd042218bf291c4ee821d7ec3e86f7f747223d32cd87066aa5e3730a2dd5c3b6	https://repo1.maven.org/maven2/org/springframework/boot/spring-boot-starter-jackson/4.0.7/spring-boot-starter-jackson-4.0.7.jar	Publisher key unavailable during reviewed bootstrap; exact SHA-256 is required pending key recovery.	Green Harbor Labs maintainer	2026-09-22	Dependency, key, checksum, or source change
EX-280	org.springframework.boot	spring-boot-starter-jackson	4.0.7	spring-boot-starter-jackson-4.0.7.module	ccc8675efa43d9e0c71662d50fd90502f8674cd10fa9ac9bdd417a9e0580d67b	https://repo1.maven.org/maven2/org/springframework/boot/spring-boot-starter-jackson/4.0.7/spring-boot-starter-jackson-4.0.7.module	Publisher key unavailable during reviewed bootstrap; exact SHA-256 is required pending key recovery.	Green Harbor Labs maintainer	2026-09-22	Dependency, key, checksum, or source change
EX-281	org.springframework.boot	spring-boot-starter-jackson	4.0.7	spring-boot-starter-jackson-4.0.7.pom	44ae2e117f78f95e479c02a1dd60424bed5e8d1401084cc3265d4a927b64b4a8	https://repo1.maven.org/maven2/org/springframework/boot/spring-boot-starter-jackson/4.0.7/spring-boot-starter-jackson-4.0.7.pom	Publisher key unavailable during reviewed bootstrap; exact SHA-256 is required pending key recovery.	Green Harbor Labs maintainer	2026-09-22	Dependency, key, checksum, or source change
EX-282	org.springframework.boot	spring-boot-starter-jackson-test	4.0.7	spring-boot-starter-jackson-test-4.0.7.jar	72ad611e32e370446bb2de890da4f084def1d354f4526522f0ae1182265b545a	https://repo1.maven.org/maven2/org/springframework/boot/spring-boot-starter-jackson-test/4.0.7/spring-boot-starter-jackson-test-4.0.7.jar	Publisher key unavailable during reviewed bootstrap; exact SHA-256 is required pending key recovery.	Green Harbor Labs maintainer	2026-09-22	Dependency, key, checksum, or source change
EX-283	org.springframework.boot	spring-boot-starter-jackson-test	4.0.7	spring-boot-starter-jackson-test-4.0.7.module	811e5ab173c9c53b52ea645a70d5939a5b2d4f90e96393abfe2dff15e29a07b1	https://repo1.maven.org/maven2/org/springframework/boot/spring-boot-starter-jackson-test/4.0.7/spring-boot-starter-jackson-test-4.0.7.module	Publisher key unavailable during reviewed bootstrap; exact SHA-256 is required pending key recovery.	Green Harbor Labs maintainer	2026-09-22	Dependency, key, checksum, or source change
EX-284	org.springframework.boot	spring-boot-starter-jackson-test	4.0.7	spring-boot-starter-jackson-test-4.0.7.pom	d2755e7eb57f3686ce849c3feb69eab814704b6f90efde37d937a217136ae51b	https://repo1.maven.org/maven2/org/springframework/boot/spring-boot-starter-jackson-test/4.0.7/spring-boot-starter-jackson-test-4.0.7.pom	Publisher key unavailable during reviewed bootstrap; exact SHA-256 is required pending key recovery.	Green Harbor Labs maintainer	2026-09-22	Dependency, key, checksum, or source change
EX-285	org.springframework.boot	spring-boot-starter-logging	4.0.7	spring-boot-starter-logging-4.0.7.jar	b5f1d01cd179ffc24b125a6ce971854b7b141c4e19e9c050a0b82d514983b1f6	https://repo1.maven.org/maven2/org/springframework/boot/spring-boot-starter-logging/4.0.7/spring-boot-starter-logging-4.0.7.jar	Publisher key unavailable during reviewed bootstrap; exact SHA-256 is required pending key recovery.	Green Harbor Labs maintainer	2026-09-22	Dependency, key, checksum, or source change
EX-286	org.springframework.boot	spring-boot-starter-logging	4.0.7	spring-boot-starter-logging-4.0.7.module	b92be50a7600cd3be874d41272727be845114ce05c627a87cf41847487c505ae	https://repo1.maven.org/maven2/org/springframework/boot/spring-boot-starter-logging/4.0.7/spring-boot-starter-logging-4.0.7.module	Publisher key unavailable during reviewed bootstrap; exact SHA-256 is required pending key recovery.	Green Harbor Labs maintainer	2026-09-22	Dependency, key, checksum, or source change
EX-287	org.springframework.boot	spring-boot-starter-logging	4.0.7	spring-boot-starter-logging-4.0.7.pom	8b74b9d9a26663960876a6e20c782d1e059f9917754ae5ce50fdc156e3f2e6d6	https://repo1.maven.org/maven2/org/springframework/boot/spring-boot-starter-logging/4.0.7/spring-boot-starter-logging-4.0.7.pom	Publisher key unavailable during reviewed bootstrap; exact SHA-256 is required pending key recovery.	Green Harbor Labs maintainer	2026-09-22	Dependency, key, checksum, or source change
EX-288	org.springframework.boot	spring-boot-starter-micrometer-metrics	4.0.7	spring-boot-starter-micrometer-metrics-4.0.7.jar	a5d302b2d6e9a8e1989455888aad2f69349f4c0b43b7ef41c8063c4bb92dec32	https://repo1.maven.org/maven2/org/springframework/boot/spring-boot-starter-micrometer-metrics/4.0.7/spring-boot-starter-micrometer-metrics-4.0.7.jar	Publisher key unavailable during reviewed bootstrap; exact SHA-256 is required pending key recovery.	Green Harbor Labs maintainer	2026-09-22	Dependency, key, checksum, or source change
EX-289	org.springframework.boot	spring-boot-starter-micrometer-metrics	4.0.7	spring-boot-starter-micrometer-metrics-4.0.7.module	c711afaa015823e74369840f74e2098848ad72ae7e214dffd9f78c5c324a6f82	https://repo1.maven.org/maven2/org/springframework/boot/spring-boot-starter-micrometer-metrics/4.0.7/spring-boot-starter-micrometer-metrics-4.0.7.module	Publisher key unavailable during reviewed bootstrap; exact SHA-256 is required pending key recovery.	Green Harbor Labs maintainer	2026-09-22	Dependency, key, checksum, or source change
EX-290	org.springframework.boot	spring-boot-starter-micrometer-metrics	4.0.7	spring-boot-starter-micrometer-metrics-4.0.7.pom	da1db29ccac623b71bd8825035f3d374b8d5ecfbe282ce09efc6304d4eafec3a	https://repo1.maven.org/maven2/org/springframework/boot/spring-boot-starter-micrometer-metrics/4.0.7/spring-boot-starter-micrometer-metrics-4.0.7.pom	Publisher key unavailable during reviewed bootstrap; exact SHA-256 is required pending key recovery.	Green Harbor Labs maintainer	2026-09-22	Dependency, key, checksum, or source change
EX-291	org.springframework.boot	spring-boot-starter-security	4.0.7	spring-boot-starter-security-4.0.7.jar	04e806b5737be0d399c85d356b060599684df6fc4f56cc08b85a563ae1a066dd	https://repo1.maven.org/maven2/org/springframework/boot/spring-boot-starter-security/4.0.7/spring-boot-starter-security-4.0.7.jar	Publisher key unavailable during reviewed bootstrap; exact SHA-256 is required pending key recovery.	Green Harbor Labs maintainer	2026-09-22	Dependency, key, checksum, or source change
EX-292	org.springframework.boot	spring-boot-starter-security	4.0.7	spring-boot-starter-security-4.0.7.module	1e154b16e827c8a5da206a398cf9d1db42a40a7e0574e1558a340f03f1719a7a	https://repo1.maven.org/maven2/org/springframework/boot/spring-boot-starter-security/4.0.7/spring-boot-starter-security-4.0.7.module	Publisher key unavailable during reviewed bootstrap; exact SHA-256 is required pending key recovery.	Green Harbor Labs maintainer	2026-09-22	Dependency, key, checksum, or source change
EX-293	org.springframework.boot	spring-boot-starter-security	4.0.7	spring-boot-starter-security-4.0.7.pom	f5492de41f578dbaa0e9635a278178270964f4ce54b9ca1b5474ef5c2e86cf92	https://repo1.maven.org/maven2/org/springframework/boot/spring-boot-starter-security/4.0.7/spring-boot-starter-security-4.0.7.pom	Publisher key unavailable during reviewed bootstrap; exact SHA-256 is required pending key recovery.	Green Harbor Labs maintainer	2026-09-22	Dependency, key, checksum, or source change
EX-294	org.springframework.boot	spring-boot-starter-test	4.0.7	spring-boot-starter-test-4.0.7.jar	e4844ae2375d569711af218763620993ea434b4836d3463cf26d9f6b6e589340	https://repo1.maven.org/maven2/org/springframework/boot/spring-boot-starter-test/4.0.7/spring-boot-starter-test-4.0.7.jar	Publisher key unavailable during reviewed bootstrap; exact SHA-256 is required pending key recovery.	Green Harbor Labs maintainer	2026-09-22	Dependency, key, checksum, or source change
EX-295	org.springframework.boot	spring-boot-starter-test	4.0.7	spring-boot-starter-test-4.0.7.module	f48143bec2818bd94e82914db7c7caf6996f2ffc569dad14f41102d17e7c21d3	https://repo1.maven.org/maven2/org/springframework/boot/spring-boot-starter-test/4.0.7/spring-boot-starter-test-4.0.7.module	Publisher key unavailable during reviewed bootstrap; exact SHA-256 is required pending key recovery.	Green Harbor Labs maintainer	2026-09-22	Dependency, key, checksum, or source change
EX-296	org.springframework.boot	spring-boot-starter-test	4.0.7	spring-boot-starter-test-4.0.7.pom	1529011339b81a3963fb4b46dd554fc6ccc239e505a94df37dceaed7fca454a9	https://repo1.maven.org/maven2/org/springframework/boot/spring-boot-starter-test/4.0.7/spring-boot-starter-test-4.0.7.pom	Publisher key unavailable during reviewed bootstrap; exact SHA-256 is required pending key recovery.	Green Harbor Labs maintainer	2026-09-22	Dependency, key, checksum, or source change
EX-297	org.springframework.boot	spring-boot-starter-tomcat	4.0.7	spring-boot-starter-tomcat-4.0.7.jar	f4a81ce616baa9c715be0dc0735210d770aa67301f92d3b11942f780056fc7ad	https://repo1.maven.org/maven2/org/springframework/boot/spring-boot-starter-tomcat/4.0.7/spring-boot-starter-tomcat-4.0.7.jar	Publisher key unavailable during reviewed bootstrap; exact SHA-256 is required pending key recovery.	Green Harbor Labs maintainer	2026-09-22	Dependency, key, checksum, or source change
EX-298	org.springframework.boot	spring-boot-starter-tomcat	4.0.7	spring-boot-starter-tomcat-4.0.7.module	38383cae3ad1143aa721f13b4027845f653860c67b1705168bf59e2530995e0c	https://repo1.maven.org/maven2/org/springframework/boot/spring-boot-starter-tomcat/4.0.7/spring-boot-starter-tomcat-4.0.7.module	Publisher key unavailable during reviewed bootstrap; exact SHA-256 is required pending key recovery.	Green Harbor Labs maintainer	2026-09-22	Dependency, key, checksum, or source change
EX-299	org.springframework.boot	spring-boot-starter-tomcat	4.0.7	spring-boot-starter-tomcat-4.0.7.pom	7c9569a4ac2c18c6a9c6cbf7333cf54d0fa06315cea8454c82ae7851b1fce973	https://repo1.maven.org/maven2/org/springframework/boot/spring-boot-starter-tomcat/4.0.7/spring-boot-starter-tomcat-4.0.7.pom	Publisher key unavailable during reviewed bootstrap; exact SHA-256 is required pending key recovery.	Green Harbor Labs maintainer	2026-09-22	Dependency, key, checksum, or source change
EX-300	org.springframework.boot	spring-boot-starter-tomcat-runtime	4.0.7	spring-boot-starter-tomcat-runtime-4.0.7.jar	8d0c7cbd6bd43d47e664a9127f70ceddab952828797f20e2b0b93848796d82f2	https://repo1.maven.org/maven2/org/springframework/boot/spring-boot-starter-tomcat-runtime/4.0.7/spring-boot-starter-tomcat-runtime-4.0.7.jar	Publisher key unavailable during reviewed bootstrap; exact SHA-256 is required pending key recovery.	Green Harbor Labs maintainer	2026-09-22	Dependency, key, checksum, or source change
EX-301	org.springframework.boot	spring-boot-starter-tomcat-runtime	4.0.7	spring-boot-starter-tomcat-runtime-4.0.7.module	b7cf12f8cab7409b6e9e3f96e40fe0883888295249ac1d1d992b059849493a63	https://repo1.maven.org/maven2/org/springframework/boot/spring-boot-starter-tomcat-runtime/4.0.7/spring-boot-starter-tomcat-runtime-4.0.7.module	Publisher key unavailable during reviewed bootstrap; exact SHA-256 is required pending key recovery.	Green Harbor Labs maintainer	2026-09-22	Dependency, key, checksum, or source change
EX-302	org.springframework.boot	spring-boot-starter-tomcat-runtime	4.0.7	spring-boot-starter-tomcat-runtime-4.0.7.pom	eb15a816c86f730182e5be8aa17341bfca5e5d8d41bb9185f10fb0f4e7174df2	https://repo1.maven.org/maven2/org/springframework/boot/spring-boot-starter-tomcat-runtime/4.0.7/spring-boot-starter-tomcat-runtime-4.0.7.pom	Publisher key unavailable during reviewed bootstrap; exact SHA-256 is required pending key recovery.	Green Harbor Labs maintainer	2026-09-22	Dependency, key, checksum, or source change
EX-303	org.springframework.boot	spring-boot-starter-web	4.0.7	spring-boot-starter-web-4.0.7.jar	1ac009b240450c089df7ef1e5cc9b63df292bea22393ed5c7deca42c85944e3c	https://repo1.maven.org/maven2/org/springframework/boot/spring-boot-starter-web/4.0.7/spring-boot-starter-web-4.0.7.jar	Publisher key unavailable during reviewed bootstrap; exact SHA-256 is required pending key recovery.	Green Harbor Labs maintainer	2026-09-22	Dependency, key, checksum, or source change
EX-304	org.springframework.boot	spring-boot-starter-web	4.0.7	spring-boot-starter-web-4.0.7.module	d3e6a60746c860d0ce3b03b153af88be5c1851d6b468987db5543bebba22404d	https://repo1.maven.org/maven2/org/springframework/boot/spring-boot-starter-web/4.0.7/spring-boot-starter-web-4.0.7.module	Publisher key unavailable during reviewed bootstrap; exact SHA-256 is required pending key recovery.	Green Harbor Labs maintainer	2026-09-22	Dependency, key, checksum, or source change
EX-305	org.springframework.boot	spring-boot-starter-web	4.0.7	spring-boot-starter-web-4.0.7.pom	fb7c958dbf7821f021b5fe2c3255841dcb8144cfad3eb06163dcf6e54b74d13e	https://repo1.maven.org/maven2/org/springframework/boot/spring-boot-starter-web/4.0.7/spring-boot-starter-web-4.0.7.pom	Publisher key unavailable during reviewed bootstrap; exact SHA-256 is required pending key recovery.	Green Harbor Labs maintainer	2026-09-22	Dependency, key, checksum, or source change
EX-306	org.springframework.boot	spring-boot-starter-webmvc	4.0.7	spring-boot-starter-webmvc-4.0.7.jar	b70e0d9e1bc667a3a9ad509f98a6e9ac443af8eab5143f8c77a38aec0a014a2c	https://repo1.maven.org/maven2/org/springframework/boot/spring-boot-starter-webmvc/4.0.7/spring-boot-starter-webmvc-4.0.7.jar	Publisher key unavailable during reviewed bootstrap; exact SHA-256 is required pending key recovery.	Green Harbor Labs maintainer	2026-09-22	Dependency, key, checksum, or source change
EX-307	org.springframework.boot	spring-boot-starter-webmvc	4.0.7	spring-boot-starter-webmvc-4.0.7.module	6d4d2c13c9f3fde956d2ddf0d7c210aed3f089d14b1e98a7f03f90dcd05b4806	https://repo1.maven.org/maven2/org/springframework/boot/spring-boot-starter-webmvc/4.0.7/spring-boot-starter-webmvc-4.0.7.module	Publisher key unavailable during reviewed bootstrap; exact SHA-256 is required pending key recovery.	Green Harbor Labs maintainer	2026-09-22	Dependency, key, checksum, or source change
EX-308	org.springframework.boot	spring-boot-starter-webmvc	4.0.7	spring-boot-starter-webmvc-4.0.7.pom	7bab97c8b1ca373c87f29013aa739a4f3a5eadeca43c69fd18d5f0a57e3d5d5f	https://repo1.maven.org/maven2/org/springframework/boot/spring-boot-starter-webmvc/4.0.7/spring-boot-starter-webmvc-4.0.7.pom	Publisher key unavailable during reviewed bootstrap; exact SHA-256 is required pending key recovery.	Green Harbor Labs maintainer	2026-09-22	Dependency, key, checksum, or source change
EX-309	org.springframework.boot	spring-boot-starter-webmvc-test	4.0.7	spring-boot-starter-webmvc-test-4.0.7.jar	d11fd7bbd613040f88ddba503c486970dd282abb92f12158bc9655ee533e9f31	https://repo1.maven.org/maven2/org/springframework/boot/spring-boot-starter-webmvc-test/4.0.7/spring-boot-starter-webmvc-test-4.0.7.jar	Publisher key unavailable during reviewed bootstrap; exact SHA-256 is required pending key recovery.	Green Harbor Labs maintainer	2026-09-22	Dependency, key, checksum, or source change
EX-310	org.springframework.boot	spring-boot-starter-webmvc-test	4.0.7	spring-boot-starter-webmvc-test-4.0.7.module	9735dd5648d5c75d19dbaa558870604a8e028a793fb87aab0673f1bd44a32a02	https://repo1.maven.org/maven2/org/springframework/boot/spring-boot-starter-webmvc-test/4.0.7/spring-boot-starter-webmvc-test-4.0.7.module	Publisher key unavailable during reviewed bootstrap; exact SHA-256 is required pending key recovery.	Green Harbor Labs maintainer	2026-09-22	Dependency, key, checksum, or source change
EX-311	org.springframework.boot	spring-boot-starter-webmvc-test	4.0.7	spring-boot-starter-webmvc-test-4.0.7.pom	27f99f19992758282ff7981fcc9dc6de473428e8569e186d52124068b68a8afe	https://repo1.maven.org/maven2/org/springframework/boot/spring-boot-starter-webmvc-test/4.0.7/spring-boot-starter-webmvc-test-4.0.7.pom	Publisher key unavailable during reviewed bootstrap; exact SHA-256 is required pending key recovery.	Green Harbor Labs maintainer	2026-09-22	Dependency, key, checksum, or source change
EX-312	org.springframework.boot	spring-boot-test	4.0.7	spring-boot-test-4.0.7.jar	8879b4a336972eb498ca6606266e6ecdae911964c0a480d3f4bf37a6c2455b33	https://repo1.maven.org/maven2/org/springframework/boot/spring-boot-test/4.0.7/spring-boot-test-4.0.7.jar	Publisher key unavailable during reviewed bootstrap; exact SHA-256 is required pending key recovery.	Green Harbor Labs maintainer	2026-09-22	Dependency, key, checksum, or source change
EX-313	org.springframework.boot	spring-boot-test	4.0.7	spring-boot-test-4.0.7.module	08c91a23107b51686cdd19df33877c9ede8edb23b20a864bc43ea3293dacd389	https://repo1.maven.org/maven2/org/springframework/boot/spring-boot-test/4.0.7/spring-boot-test-4.0.7.module	Publisher key unavailable during reviewed bootstrap; exact SHA-256 is required pending key recovery.	Green Harbor Labs maintainer	2026-09-22	Dependency, key, checksum, or source change
EX-314	org.springframework.boot	spring-boot-test	4.0.7	spring-boot-test-4.0.7.pom	be0cc5bf5006a26637e9afccef8b25f95f0e407fb1093c59f73bc792e9e28314	https://repo1.maven.org/maven2/org/springframework/boot/spring-boot-test/4.0.7/spring-boot-test-4.0.7.pom	Publisher key unavailable during reviewed bootstrap; exact SHA-256 is required pending key recovery.	Green Harbor Labs maintainer	2026-09-22	Dependency, key, checksum, or source change
EX-315	org.springframework.boot	spring-boot-test-autoconfigure	4.0.7	spring-boot-test-autoconfigure-4.0.7.jar	99ca7ab8be0dde10fa6c03e1026969619e826fcc914b6bc0d09090e75ba17cb4	https://repo1.maven.org/maven2/org/springframework/boot/spring-boot-test-autoconfigure/4.0.7/spring-boot-test-autoconfigure-4.0.7.jar	Publisher key unavailable during reviewed bootstrap; exact SHA-256 is required pending key recovery.	Green Harbor Labs maintainer	2026-09-22	Dependency, key, checksum, or source change
EX-316	org.springframework.boot	spring-boot-test-autoconfigure	4.0.7	spring-boot-test-autoconfigure-4.0.7.module	d30ec8ab4d71c0e6ee685bbe1d19f0ab6b82318bc48971a1ed08c482e1c94c15	https://repo1.maven.org/maven2/org/springframework/boot/spring-boot-test-autoconfigure/4.0.7/spring-boot-test-autoconfigure-4.0.7.module	Publisher key unavailable during reviewed bootstrap; exact SHA-256 is required pending key recovery.	Green Harbor Labs maintainer	2026-09-22	Dependency, key, checksum, or source change
EX-317	org.springframework.boot	spring-boot-test-autoconfigure	4.0.7	spring-boot-test-autoconfigure-4.0.7.pom	85c9d25d03d22f0cb626b8248903efd5b2d6e97cb31151b20676d5a5349aa959	https://repo1.maven.org/maven2/org/springframework/boot/spring-boot-test-autoconfigure/4.0.7/spring-boot-test-autoconfigure-4.0.7.pom	Publisher key unavailable during reviewed bootstrap; exact SHA-256 is required pending key recovery.	Green Harbor Labs maintainer	2026-09-22	Dependency, key, checksum, or source change
EX-318	org.springframework.boot	spring-boot-tomcat	4.0.7	spring-boot-tomcat-4.0.7.jar	ad7c6527319f5cac0b5638a28820847f64d21282147fb98daaaa1f515ee17323	https://repo1.maven.org/maven2/org/springframework/boot/spring-boot-tomcat/4.0.7/spring-boot-tomcat-4.0.7.jar	Publisher key unavailable during reviewed bootstrap; exact SHA-256 is required pending key recovery.	Green Harbor Labs maintainer	2026-09-22	Dependency, key, checksum, or source change
EX-319	org.springframework.boot	spring-boot-tomcat	4.0.7	spring-boot-tomcat-4.0.7.module	fbe88fdefcd939c50d028239b1529791b82ef433faf2d150cae2071bb83212b8	https://repo1.maven.org/maven2/org/springframework/boot/spring-boot-tomcat/4.0.7/spring-boot-tomcat-4.0.7.module	Publisher key unavailable during reviewed bootstrap; exact SHA-256 is required pending key recovery.	Green Harbor Labs maintainer	2026-09-22	Dependency, key, checksum, or source change
EX-320	org.springframework.boot	spring-boot-tomcat	4.0.7	spring-boot-tomcat-4.0.7.pom	4ae2fb404a3844ca8c696509622a485485833642b6d5a32f411b8b9a52bb8968	https://repo1.maven.org/maven2/org/springframework/boot/spring-boot-tomcat/4.0.7/spring-boot-tomcat-4.0.7.pom	Publisher key unavailable during reviewed bootstrap; exact SHA-256 is required pending key recovery.	Green Harbor Labs maintainer	2026-09-22	Dependency, key, checksum, or source change
EX-321	org.springframework.boot	spring-boot-web-server	4.0.7	spring-boot-web-server-4.0.7.jar	26a13c73ee85e7a851b73eb2d683ed4d3b7a4ca581b608dfd627bd4551997cf2	https://repo1.maven.org/maven2/org/springframework/boot/spring-boot-web-server/4.0.7/spring-boot-web-server-4.0.7.jar	Publisher key unavailable during reviewed bootstrap; exact SHA-256 is required pending key recovery.	Green Harbor Labs maintainer	2026-09-22	Dependency, key, checksum, or source change
EX-322	org.springframework.boot	spring-boot-web-server	4.0.7	spring-boot-web-server-4.0.7.module	1f3c8e3ffdfef5c741e4b267fe8ff9ea3d9ecac3f68b724ad39d90e90923b137	https://repo1.maven.org/maven2/org/springframework/boot/spring-boot-web-server/4.0.7/spring-boot-web-server-4.0.7.module	Publisher key unavailable during reviewed bootstrap; exact SHA-256 is required pending key recovery.	Green Harbor Labs maintainer	2026-09-22	Dependency, key, checksum, or source change
EX-323	org.springframework.boot	spring-boot-web-server	4.0.7	spring-boot-web-server-4.0.7.pom	f22bf26284a7891b4cd7d7e62b6bcec632c6fa5cccb5a106039f6304a35938c7	https://repo1.maven.org/maven2/org/springframework/boot/spring-boot-web-server/4.0.7/spring-boot-web-server-4.0.7.pom	Publisher key unavailable during reviewed bootstrap; exact SHA-256 is required pending key recovery.	Green Harbor Labs maintainer	2026-09-22	Dependency, key, checksum, or source change
EX-324	org.springframework.boot	spring-boot-webmvc	4.0.7	spring-boot-webmvc-4.0.7.jar	95250948bda9a0a1e1f2ad3f413bd23e36dfedefb89fe59d309d447c6c4c5010	https://repo1.maven.org/maven2/org/springframework/boot/spring-boot-webmvc/4.0.7/spring-boot-webmvc-4.0.7.jar	Publisher key unavailable during reviewed bootstrap; exact SHA-256 is required pending key recovery.	Green Harbor Labs maintainer	2026-09-22	Dependency, key, checksum, or source change
EX-325	org.springframework.boot	spring-boot-webmvc	4.0.7	spring-boot-webmvc-4.0.7.module	c37654a5afba037c20e149f3c38e5831778a48dfd7da678a862f9cbfebc1bcaf	https://repo1.maven.org/maven2/org/springframework/boot/spring-boot-webmvc/4.0.7/spring-boot-webmvc-4.0.7.module	Publisher key unavailable during reviewed bootstrap; exact SHA-256 is required pending key recovery.	Green Harbor Labs maintainer	2026-09-22	Dependency, key, checksum, or source change
EX-326	org.springframework.boot	spring-boot-webmvc	4.0.7	spring-boot-webmvc-4.0.7.pom	a93427932ece9aaab7daf2a03555fd6d9a145750efc73c71297562411b51e272	https://repo1.maven.org/maven2/org/springframework/boot/spring-boot-webmvc/4.0.7/spring-boot-webmvc-4.0.7.pom	Publisher key unavailable during reviewed bootstrap; exact SHA-256 is required pending key recovery.	Green Harbor Labs maintainer	2026-09-22	Dependency, key, checksum, or source change
EX-327	org.springframework.boot	spring-boot-webmvc-test	4.0.7	spring-boot-webmvc-test-4.0.7.jar	06180d3ee7f9019880b0528cc93164f8f038e35007bd99a40fbe52892d96a955	https://repo1.maven.org/maven2/org/springframework/boot/spring-boot-webmvc-test/4.0.7/spring-boot-webmvc-test-4.0.7.jar	Publisher key unavailable during reviewed bootstrap; exact SHA-256 is required pending key recovery.	Green Harbor Labs maintainer	2026-09-22	Dependency, key, checksum, or source change
EX-328	org.springframework.boot	spring-boot-webmvc-test	4.0.7	spring-boot-webmvc-test-4.0.7.module	5a3815dedef0704973c4d9151b0f4ba8c37481ebc24e059df61a7271f9ee9993	https://repo1.maven.org/maven2/org/springframework/boot/spring-boot-webmvc-test/4.0.7/spring-boot-webmvc-test-4.0.7.module	Publisher key unavailable during reviewed bootstrap; exact SHA-256 is required pending key recovery.	Green Harbor Labs maintainer	2026-09-22	Dependency, key, checksum, or source change
EX-329	org.springframework.boot	spring-boot-webmvc-test	4.0.7	spring-boot-webmvc-test-4.0.7.pom	0f77737ace24d6d3426d07912795f7d49babec1128f04c71995d3a06745156fe	https://repo1.maven.org/maven2/org/springframework/boot/spring-boot-webmvc-test/4.0.7/spring-boot-webmvc-test-4.0.7.pom	Publisher key unavailable during reviewed bootstrap; exact SHA-256 is required pending key recovery.	Green Harbor Labs maintainer	2026-09-22	Dependency, key, checksum, or source change
EX-330	org.springframework.data	spring-data-bom	2025.1.6	spring-data-bom-2025.1.6.pom	d9f50e50204d5296f2d6c472a605c45f18e266b505bacba8085a5bdc4e5ab0b5	https://repo1.maven.org/maven2/org/springframework/data/spring-data-bom/2025.1.6/spring-data-bom-2025.1.6.pom	Publisher key unavailable during reviewed bootstrap; exact SHA-256 is required pending key recovery.	Green Harbor Labs maintainer	2026-09-22	Dependency, key, checksum, or source change
EX-331	org.springframework.integration	spring-integration-bom	7.0.5	spring-integration-bom-7.0.5.module	8315331b8b5db3a1d2b94de822a5149925b07be339e0da8e51f3718b6d09afb5	https://repo1.maven.org/maven2/org/springframework/integration/spring-integration-bom/7.0.5/spring-integration-bom-7.0.5.module	Publisher key unavailable during reviewed bootstrap; exact SHA-256 is required pending key recovery.	Green Harbor Labs maintainer	2026-09-22	Dependency, key, checksum, or source change
EX-332	org.springframework.integration	spring-integration-bom	7.0.5	spring-integration-bom-7.0.5.pom	cfcdd0bf2f15f0af201aaa123a16041f7676a051fe683b3171935094f6045223	https://repo1.maven.org/maven2/org/springframework/integration/spring-integration-bom/7.0.5/spring-integration-bom-7.0.5.pom	Publisher key unavailable during reviewed bootstrap; exact SHA-256 is required pending key recovery.	Green Harbor Labs maintainer	2026-09-22	Dependency, key, checksum, or source change
EX-333	org.springframework.pulsar	spring-pulsar-bom	2.0.6	spring-pulsar-bom-2.0.6.module	41c971bfcd68b7d63479511cb3a68df2b441ecdcfc6434a9379f0baec56c48c8	https://repo1.maven.org/maven2/org/springframework/pulsar/spring-pulsar-bom/2.0.6/spring-pulsar-bom-2.0.6.module	Publisher key unavailable during reviewed bootstrap; exact SHA-256 is required pending key recovery.	Green Harbor Labs maintainer	2026-09-22	Dependency, key, checksum, or source change
EX-334	org.springframework.pulsar	spring-pulsar-bom	2.0.6	spring-pulsar-bom-2.0.6.pom	0f4d94388599e75f8db2019c4c96c127ebaff15ef9d3a699d6383e1e2a9d69b6	https://repo1.maven.org/maven2/org/springframework/pulsar/spring-pulsar-bom/2.0.6/spring-pulsar-bom-2.0.6.pom	Publisher key unavailable during reviewed bootstrap; exact SHA-256 is required pending key recovery.	Green Harbor Labs maintainer	2026-09-22	Dependency, key, checksum, or source change
EX-335	org.springframework.restdocs	spring-restdocs-bom	4.0.1	spring-restdocs-bom-4.0.1.pom	2743ac8ffcdbba07ede1dfbff2fb167fa39697007517b46c0d48bec89a2d9c62	https://repo1.maven.org/maven2/org/springframework/restdocs/spring-restdocs-bom/4.0.1/spring-restdocs-bom-4.0.1.pom	Publisher key unavailable during reviewed bootstrap; exact SHA-256 is required pending key recovery.	Green Harbor Labs maintainer	2026-09-22	Dependency, key, checksum, or source change
EX-336	org.springframework.security	spring-security-bom	7.0.6	spring-security-bom-7.0.6.module	04a4a5e36baf40d3a843c2b3638aad595a7eee4c79043e3a184981d4fd5d8a61	https://repo1.maven.org/maven2/org/springframework/security/spring-security-bom/7.0.6/spring-security-bom-7.0.6.module	Publisher key unavailable during reviewed bootstrap; exact SHA-256 is required pending key recovery.	Green Harbor Labs maintainer	2026-09-22	Dependency, key, checksum, or source change
EX-337	org.springframework.security	spring-security-bom	7.0.6	spring-security-bom-7.0.6.pom	d70e3d74b2189668739a712b899fbf325a01deeddd50572420909608279b2c9f	https://repo1.maven.org/maven2/org/springframework/security/spring-security-bom/7.0.6/spring-security-bom-7.0.6.pom	Publisher key unavailable during reviewed bootstrap; exact SHA-256 is required pending key recovery.	Green Harbor Labs maintainer	2026-09-22	Dependency, key, checksum, or source change
EX-338	org.springframework.security	spring-security-config	7.0.6	spring-security-config-7.0.6.jar	7aeafd876d48d8b5660356953ed7a607d2d09e8f2b9844acba3fcbc32beb63cc	https://repo1.maven.org/maven2/org/springframework/security/spring-security-config/7.0.6/spring-security-config-7.0.6.jar	Publisher key unavailable during reviewed bootstrap; exact SHA-256 is required pending key recovery.	Green Harbor Labs maintainer	2026-09-22	Dependency, key, checksum, or source change
EX-339	org.springframework.security	spring-security-config	7.0.6	spring-security-config-7.0.6.module	5296f912a87e43c8f211019ec1f8285e9f2be990b0eb0660d1ed96a17f1f569c	https://repo1.maven.org/maven2/org/springframework/security/spring-security-config/7.0.6/spring-security-config-7.0.6.module	Publisher key unavailable during reviewed bootstrap; exact SHA-256 is required pending key recovery.	Green Harbor Labs maintainer	2026-09-22	Dependency, key, checksum, or source change
EX-340	org.springframework.security	spring-security-config	7.0.6	spring-security-config-7.0.6.pom	b617d3b6053d36aef459b33b4bc56a77b8ae65d537349efd55c11cb4f3beb5df	https://repo1.maven.org/maven2/org/springframework/security/spring-security-config/7.0.6/spring-security-config-7.0.6.pom	Publisher key unavailable during reviewed bootstrap; exact SHA-256 is required pending key recovery.	Green Harbor Labs maintainer	2026-09-22	Dependency, key, checksum, or source change
EX-341	org.springframework.security	spring-security-core	7.0.6	spring-security-core-7.0.6.jar	f9e1aebb39e051f6f92be029a6fca31e2977a06d417aa51504bfb298bc2a7c69	https://repo1.maven.org/maven2/org/springframework/security/spring-security-core/7.0.6/spring-security-core-7.0.6.jar	Publisher key unavailable during reviewed bootstrap; exact SHA-256 is required pending key recovery.	Green Harbor Labs maintainer	2026-09-22	Dependency, key, checksum, or source change
EX-342	org.springframework.security	spring-security-core	7.0.6	spring-security-core-7.0.6.module	b690086fbf1bd129b2a2ee662d5f5419678ef0f1ac0e75df67fd59ccbe26f4c1	https://repo1.maven.org/maven2/org/springframework/security/spring-security-core/7.0.6/spring-security-core-7.0.6.module	Publisher key unavailable during reviewed bootstrap; exact SHA-256 is required pending key recovery.	Green Harbor Labs maintainer	2026-09-22	Dependency, key, checksum, or source change
EX-343	org.springframework.security	spring-security-core	7.0.6	spring-security-core-7.0.6.pom	675602a1062e7fb481e59d5de33ffa1178615bbcb969546fd1624743283a6087	https://repo1.maven.org/maven2/org/springframework/security/spring-security-core/7.0.6/spring-security-core-7.0.6.pom	Publisher key unavailable during reviewed bootstrap; exact SHA-256 is required pending key recovery.	Green Harbor Labs maintainer	2026-09-22	Dependency, key, checksum, or source change
EX-344	org.springframework.security	spring-security-crypto	7.0.6	spring-security-crypto-7.0.6.jar	baf9f76bc5b15d090a82841fd5713fa11b75f91fc86de27029d972ce85d3d2e2	https://repo1.maven.org/maven2/org/springframework/security/spring-security-crypto/7.0.6/spring-security-crypto-7.0.6.jar	Publisher key unavailable during reviewed bootstrap; exact SHA-256 is required pending key recovery.	Green Harbor Labs maintainer	2026-09-22	Dependency, key, checksum, or source change
EX-345	org.springframework.security	spring-security-crypto	7.0.6	spring-security-crypto-7.0.6.module	c1232416458845264150f2deb2e1f19b1c4c100699a2998938ea441d01581cf2	https://repo1.maven.org/maven2/org/springframework/security/spring-security-crypto/7.0.6/spring-security-crypto-7.0.6.module	Publisher key unavailable during reviewed bootstrap; exact SHA-256 is required pending key recovery.	Green Harbor Labs maintainer	2026-09-22	Dependency, key, checksum, or source change
EX-346	org.springframework.security	spring-security-crypto	7.0.6	spring-security-crypto-7.0.6.pom	2ac0a47946874f2cc97ebb7723345685b6197bbba7a5ccc2d7ebcf4a0d07613e	https://repo1.maven.org/maven2/org/springframework/security/spring-security-crypto/7.0.6/spring-security-crypto-7.0.6.pom	Publisher key unavailable during reviewed bootstrap; exact SHA-256 is required pending key recovery.	Green Harbor Labs maintainer	2026-09-22	Dependency, key, checksum, or source change
EX-347	org.springframework.security	spring-security-test	7.0.6	spring-security-test-7.0.6.jar	4b65c38c7fcf372793cdf6e57651be1332ec241fff9481b15ed8f3ea2207382c	https://repo1.maven.org/maven2/org/springframework/security/spring-security-test/7.0.6/spring-security-test-7.0.6.jar	Publisher key unavailable during reviewed bootstrap; exact SHA-256 is required pending key recovery.	Green Harbor Labs maintainer	2026-09-22	Dependency, key, checksum, or source change
EX-348	org.springframework.security	spring-security-test	7.0.6	spring-security-test-7.0.6.module	799c5f9918cd6ed33c9836b98c5a724d7e88f4f0d810361b71723b1a5ccc711c	https://repo1.maven.org/maven2/org/springframework/security/spring-security-test/7.0.6/spring-security-test-7.0.6.module	Publisher key unavailable during reviewed bootstrap; exact SHA-256 is required pending key recovery.	Green Harbor Labs maintainer	2026-09-22	Dependency, key, checksum, or source change
EX-349	org.springframework.security	spring-security-test	7.0.6	spring-security-test-7.0.6.pom	13bf7b330cefe4ebdcae4162dba28d502d83c495f30ca346b5ba01a68ba2b200	https://repo1.maven.org/maven2/org/springframework/security/spring-security-test/7.0.6/spring-security-test-7.0.6.pom	Publisher key unavailable during reviewed bootstrap; exact SHA-256 is required pending key recovery.	Green Harbor Labs maintainer	2026-09-22	Dependency, key, checksum, or source change
EX-350	org.springframework.security	spring-security-web	7.0.6	spring-security-web-7.0.6.jar	6ef060f97271218c0bff56273dc2edb8e2e001a253a0291278d5fdafa5d70573	https://repo1.maven.org/maven2/org/springframework/security/spring-security-web/7.0.6/spring-security-web-7.0.6.jar	Publisher key unavailable during reviewed bootstrap; exact SHA-256 is required pending key recovery.	Green Harbor Labs maintainer	2026-09-22	Dependency, key, checksum, or source change
EX-351	org.springframework.security	spring-security-web	7.0.6	spring-security-web-7.0.6.module	073667ef49c61b0c2b303db9e74c3e0f5d407af8996d6b3a8c2cad51af618ae0	https://repo1.maven.org/maven2/org/springframework/security/spring-security-web/7.0.6/spring-security-web-7.0.6.module	Publisher key unavailable during reviewed bootstrap; exact SHA-256 is required pending key recovery.	Green Harbor Labs maintainer	2026-09-22	Dependency, key, checksum, or source change
EX-352	org.springframework.security	spring-security-web	7.0.6	spring-security-web-7.0.6.pom	5c836e4f8ff04bb2338798f8f0d482d48c6b920ecd86edd71c9c4fa5ae0549da	https://repo1.maven.org/maven2/org/springframework/security/spring-security-web/7.0.6/spring-security-web-7.0.6.pom	Publisher key unavailable during reviewed bootstrap; exact SHA-256 is required pending key recovery.	Green Harbor Labs maintainer	2026-09-22	Dependency, key, checksum, or source change
EX-353	org.springframework.session	spring-session-bom	4.0.4	spring-session-bom-4.0.4.module	23af56e3cd1296617edee3285bcf056702ae701f141883469bd52d2b1ed9c88a	https://repo1.maven.org/maven2/org/springframework/session/spring-session-bom/4.0.4/spring-session-bom-4.0.4.module	Publisher key unavailable during reviewed bootstrap; exact SHA-256 is required pending key recovery.	Green Harbor Labs maintainer	2026-09-22	Dependency, key, checksum, or source change
EX-354	org.springframework.session	spring-session-bom	4.0.4	spring-session-bom-4.0.4.pom	7e9048da9f35b028407217aba494138fccce251190805f117b3eb2d6cdaddfcb	https://repo1.maven.org/maven2/org/springframework/session/spring-session-bom/4.0.4/spring-session-bom-4.0.4.pom	Publisher key unavailable during reviewed bootstrap; exact SHA-256 is required pending key recovery.	Green Harbor Labs maintainer	2026-09-22	Dependency, key, checksum, or source change
EX-355	org.springframework.ws	spring-ws-bom	5.0.2	spring-ws-bom-5.0.2.pom	1e357a81e78cd8620f23bf95d3c66c1a2719fe5444deae10f2430acacdabd96f	https://repo1.maven.org/maven2/org/springframework/ws/spring-ws-bom/5.0.2/spring-ws-bom-5.0.2.pom	Publisher key unavailable during reviewed bootstrap; exact SHA-256 is required pending key recovery.	Green Harbor Labs maintainer	2026-09-22	Dependency, key, checksum, or source change
EX-356	org.tomlj	tomlj	1.0.0	tomlj-1.0.0.jar	32697c7567b2921c473678a820b13fc64700aa87bb14576eeb48d0ed5847cfd4	https://repo1.maven.org/maven2/org/tomlj/tomlj/1.0.0/tomlj-1.0.0.jar	Publisher key unavailable during reviewed bootstrap; exact SHA-256 is required pending key recovery.	Green Harbor Labs maintainer	2026-09-22	Dependency, key, checksum, or source change
EX-357	org.tomlj	tomlj	1.0.0	tomlj-1.0.0.pom	ad8192007f73450c51c880305f14dd22ac551449b721b585fc51231422cb0913	https://repo1.maven.org/maven2/org/tomlj/tomlj/1.0.0/tomlj-1.0.0.pom	Publisher key unavailable during reviewed bootstrap; exact SHA-256 is required pending key recovery.	Green Harbor Labs maintainer	2026-09-22	Dependency, key, checksum, or source change
EX-358	us.springett	cpe-parser	3.0.1	cpe-parser-3.0.1.jar	f98a50dce0a381e08f0f0ac067801c7f4c51dc7f8f1fe7a3c9960c684a809705	https://repo1.maven.org/maven2/us/springett/cpe-parser/3.0.1/cpe-parser-3.0.1.jar	Publisher key unavailable during reviewed bootstrap; exact SHA-256 is required pending key recovery.	Green Harbor Labs maintainer	2026-09-22	Dependency, key, checksum, or source change
EX-359	us.springett	cpe-parser	3.0.1	cpe-parser-3.0.1.pom	6a539026f276359cde18e53f6b7c41ff6bca1744d7e2c817bae2bcd832d8360a	https://repo1.maven.org/maven2/us/springett/cpe-parser/3.0.1/cpe-parser-3.0.1.pom	Publisher key unavailable during reviewed bootstrap; exact SHA-256 is required pending key recovery.	Green Harbor Labs maintainer	2026-09-22	Dependency, key, checksum, or source change
EX-360	org.checkerframework	checker-qual	3.37.0	checker-qual-3.37.0.module	7258a769dcaa26b98154d229d85cc72e5b3666b0bcb637d2daf16ec498956638	https://repo1.maven.org/maven2/org/checkerframework/checker-qual/3.37.0/checker-qual-3.37.0.module	Publisher key trust is unresolved; exact SHA-256 is required pending independent fingerprint confirmation.	Green Harbor Labs maintainer	2026-09-22	Dependency, key, checksum, or source change
EX-361	com.google.guava	failureaccess	1.0.1	failureaccess-1.0.1.pom	e96042ce78fecba0da2be964522947c87b40a291b5fd3cd672a434924103c4b9	https://repo1.maven.org/maven2/com/google/guava/failureaccess/1.0.1/failureaccess-1.0.1.pom	Publisher key trust is unresolved; exact SHA-256 is required pending independent fingerprint confirmation.	Green Harbor Labs maintainer	2026-09-22	Dependency, key, checksum, or source change
EX-362	com.ethlo.time	itu	1.14.0	itu-1.14.0.jar	5cf40ab0cc77828ab2b875b1f3ecd71c8295d7721933476abc2e08fddcea164a	https://repo1.maven.org/maven2/com/ethlo/time/itu/1.14.0/itu-1.14.0.jar	Publisher signature key is unavailable from a publisher-controlled source; exact Maven Central SHA-256 is required pending independent fingerprint confirmation.	Green Harbor Labs maintainer	2026-09-22	Dependency, key, checksum, or source change
EX-363	com.ethlo.time	itu	1.14.0	itu-1.14.0.pom	0d5ae0bec09495529c63cc8a6c13253870686832a4e3b206c138165035ae4bc5	https://repo1.maven.org/maven2/com/ethlo/time/itu/1.14.0/itu-1.14.0.pom	Publisher signature key is unavailable from a publisher-controlled source; exact Maven Central SHA-256 is required pending independent fingerprint confirmation.	Green Harbor Labs maintainer	2026-09-22	Dependency, key, checksum, or source change
EX-364	dev.equo.ide	solstice	1.8.1	solstice-1.8.1.jar	6e5ba2cce813be1d71ccdc2ecf3e49271b14e691bfbbb1a114cf3a30e773b10d	https://repo1.maven.org/maven2/dev/equo/ide/solstice/1.8.1/solstice-1.8.1.jar	Publisher signature key is unavailable from a publisher-controlled source; exact Maven Central SHA-256 is required pending independent fingerprint confirmation.	Green Harbor Labs maintainer	2026-09-22	Dependency, key, checksum, or source change
EX-365	dev.equo.ide	solstice	1.8.1	solstice-1.8.1.module	a676039ea6af08f257b46e07c2bf1571a46a4d4b5b9ccb86c3fc98d07fafea1b	https://repo1.maven.org/maven2/dev/equo/ide/solstice/1.8.1/solstice-1.8.1.module	Publisher signature key is unavailable from a publisher-controlled source; exact Maven Central SHA-256 is required pending independent fingerprint confirmation.	Green Harbor Labs maintainer	2026-09-22	Dependency, key, checksum, or source change
